agpID,latin_text
AGP-EDR153849,Ursi me comedant
AGP-EDR153358,POLY
AGP-EDR140174,Vasa
AGP-EDR156999,"Hic situs
Suellius"
AGP-EDR140168,Felices
AGP-EDR140055,IIIIIIIIIIIIIIIIIIIIIIIIIIIIII
AGP-EDR140177,"Assis IIIIHIINII
CCCXXX"
AGP-EDR140124,Quis d
AGP-EDR153483,VS SVMM
AGP-EDR153486,CA
AGP-EDR151835,Est res INCOSID
AGP-EDR140251,XXXIXXVVV
AGP-EDR140979,VMVCOSV
AGP-EDR154372,Caetronius
AGP-EDR153851,Ultas
AGP-EDR154592,ABCD
AGP-EDR154047,Cunei
AGP-EDR152963,XX IIIIIIIII
AGP-EDR140139,Salvia Superba
AGP-EDR140193,XVII
AGP-EDR154537,PAPAVLIN
AGP-EDR151867,"Vinum acceptum
ab domino VII Idus Apriles"
AGP-EDR140250,IIIIIII
AGP-EDR153800,S IIIII
AGP-EDR154444,"Omnes
XXXI"
AGP-EDR140050,Bucolus
AGP-EDR140185,VERIII
AGP-EDR140231,Augu
AGP-EDR140133,M
AGP-EDR140149,Algemus
AGP-EDR153487,"Venimus,
venimus
hoc cupidi,
multo magis ire cupimus."
AGP-EDR140246,I
AGP-EDR140252,IIIIIIIIIIIIIIIIII
AGP-EDR140052,Soli
AGP-EDR140217,ovas EVCL E VA M X P vectat
AGP-EDR140125,Quid
AGP-EDR140235,IIII
AGP-EDR153151,Albinus
AGP-EDR154423,S IIIIIIIIIIII XX
AGP-EDR153484,HIMME
AGP-EDR140060,NO
AGP-EDR154571,TVS lusor
AGP-EDR154373,Urso
AGP-EDR140220,Alica
AGP-EDR152999,Quartu
AGP-EDR140170,IANV
AGP-EDR140210,IIIIIIIIIII
AGP-EDR151829,Myrine mari
AGP-EDR140237,Vibidi
AGP-EDR140208,Mercurius
AGP-EDR140203,XXVIIII
AGP-EDR153356,Vidimus
AGP-EDR151801,Mus
AGP-EDR153615,LXXII
AGP-EDR153357,CAI
AGP-EDR154431,Modesti
AGP-EDR159776,AXBVCD
AGP-EDR159773,Debere
AGP-EDR140040,C C ego
AGP-EDR151895,IVIIRIIHIIRI
AGP-EDR140189,SAB
AGP-EDR140132,MAM
AGP-EDR140172,"A Epicurus 
si es Utica"
AGP-EDR140192,Ara
AGP-EDR140178,CVEN
AGP-EDR140199,Eueno
AGP-EDR140176,ON
AGP-EDR154446,IIIIIIIIIIIIIIII
AGP-EDR153609,METI
AGP-EDR154591,QABCDEFG
AGP-EDR140148,IVSTAR
AGP-EDR140135,Hic amor sapiet
AGP-EDR154369,XII
AGP-EDR153741,Chie IMN
AGP-EDR151866,Onesimus
AGP-EDR151896,Fatuus
AGP-EDR140130,ABCDEFGHIKLMNOPQRTV
AGP-EDR154443,IIIIIIIIIIIIIII
AGP-EDR140167,CEN
AGP-EDR140181,Severus
AGP-EDR140146,SA
AGP-EDR142437,XI
AGP-EDR140987,Marcus
AGP-EDR154540,Careius
AGP-EDR156982,Paris
AGP-EDR140134,David
AGP-EDR140182,CLXX
AGP-EDR140173,"SPI
Oceanus"
AGP-EDR140136,XI
AGP-EDR140129,MAL
AGP-EDR180077,"VSVV R
CIIIVS

"
AGP-EDR179791,Ama Ama
AGP-EDR180696,R
AGP-EDR179450,DX XXXXXXXXXX
AGP-EDR180688,XX
AGP-EDR180780,RATMPTM
AGP-EDR178710,XII XI
AGP-EDR189996,Stabiani H hic sine Thalamo
AGP-EDR180689,XX
AGP-EDR180533,B
AGP-EDR178235,IIIII
AGP-EDR178129,Paris
AGP-EDR180150,R
AGP-EDR180530,Arva
AGP-EDR180601,Hetymus
AGP-EDR180383,M
AGP-EDR180397,"SI
SNA"
AGP-EDR180400,S
AGP-EDR180518,IIII
AGP-EDR180536,Successus
AGP-EDR180562,LX
AGP-EDR180565,XIIIIIIIIIIII
AGP-EDR180911,Armarium
AGP-EDR180960,Que
AGP-EDR180566,X
AGP-EDR180769,Sume ex suis
AGP-EDR180235,Ratio sequatur
AGP-EDR180774,Mane
AGP-EDR178799,IIIIIII
AGP-EDR180779,MNV
AGP-EDR178801,IIIIIIIIIII
AGP-EDR180828,X
AGP-EDR180296,XX MM
AGP-EDR180381,CHIMR
AGP-EDR180685,XX
AGP-EDR180617,Gallus
AGP-EDR179808,"Sabidia aurum
nec tua nocturna frangetur ianua rixa
sparsa neque invenies limina mane rosa
tempus erit cum tu quae nunc excludis amantes 
frigida deserta nocte iacebis anus"
AGP-EDR180683,XX
AGP-EDR180684,XX
AGP-EDR180686,XX
AGP-EDR180687,XX
AGP-EDR180147,SI
AGP-EDR180690,SCAI
AGP-EDR180691,Successus
AGP-EDR179448,III
AGP-EDR180694,IIIIIIIIII
AGP-EDR180766,TA
AGP-EDR179790,"Felix
hic est
bene illi
qui hoc scripsit"
AGP-EDR180151,P R
AGP-EDR180113,Ministris
AGP-EDR180825,ECHIT
AGP-EDR180989,Romanus
AGP-EDR180392,Conrite
AGP-EDR180124,Pamphilus
AGP-EDR180572,X
AGP-EDR180602,Salvius
AGP-EDR180076,MAR
AGP-EDR180609,Rura ubique
AGP-EDR180616,Marcus
AGP-EDR178234,XXX
AGP-EDR178711,X
AGP-EDR178707,IIII
AGP-EDR178794,IIIIIIIII
AGP-EDR178793,IIIII
AGP-EDR178800,XXXX
AGP-EDR178967,X
AGP-EDR179675,Rem
AGP-EDR180567,X
AGP-EDR180531,VIC
AGP-EDR180526,XIX
AGP-EDR179451,X
AGP-EDR179487,Quintus
AGP-EDR179671,BB
AGP-EDR180520,XXIIII
AGP-EDR180909,ABC
AGP-EDR178709,Uni
AGP-EDR178795,VIII
AGP-EDR178797,XIIII
AGP-EDR178237,M
AGP-EDR178791,II
AGP-EDR178966,Paris
AGP-EDR179371,IIIIII
AGP-EDR179678,Mens
AGP-EDR180152,R P
AGP-EDR179489,Paris
AGP-EDR179755,"Res mecum sume 
cum"
AGP-EDR180230,XII
AGP-EDR180532,A
AGP-EDR180907,XX C
AGP-EDR180986,IIIIIIIIIIIIIII
AGP-EDR180146,R
AGP-EDR180148,R
AGP-EDR180210,"ANI
Roma"
AGP-EDR180221,S
AGP-EDR180223,V
AGP-EDR180980,II IIIII II
AGP-EDR180377,IIIIIIII
AGP-EDR180309,XI
AGP-EDR180213,ROI
AGP-EDR179819,III
AGP-EDR180301,Sator
AGP-EDR180378,II
AGP-EDR180043,"Rosa
"
AGP-EDR180116,XXXXXXXXVII
AGP-EDR180107,Citus exeo
AGP-EDR180108,X
AGP-EDR180233,X
AGP-EDR180306,M
AGP-EDR180105,Hermes
AGP-EDR180129,X
AGP-EDR180389,IIIIIIIIIII
AGP-EDR180781,IM
AGP-EDR180307,X
AGP-EDR180702,"X
XC"
AGP-EDR180380,XX
AGP-EDR180692,Successus
AGP-EDR178395,Paridi IIIIIIIIIII
AGP-EDR179372,IIIIIIIIIII
AGP-EDR179710,"Mustelica
autumat, quam
futuis"
AGP-EDR179445,M
AGP-EDR180294,A B L H R P D S S T I II V F C V I
AGP-EDR180297,XI
AGP-EDR180534,Quem non amo
AGP-EDR180615,Modicus
AGP-EDR180695,Suavis
AGP-EDR180072,Thaddeus
AGP-EDR180154,BARBARABARB    B   B
AGP-EDR179409,S
AGP-EDR178886,Manu
AGP-EDR178889,Copo
AGP-EDR178127,I I I
AGP-EDR178804,IIII
AGP-EDR179407,IIII
AGP-EDR179373,IIIIIIIIII
AGP-EDR179418,"VMAMOIC
A"
AGP-EDR179447,NON
AGP-EDR179801,"Auctus
Actius"
AGP-EDR180535,"A B A
A B"
AGP-EDR180605,Eudemus
AGP-EDR180374,RIII suae
AGP-EDR180372,Rusticus
AGP-EDR179812,Vestorius
AGP-EDR180126,X
AGP-EDR180215,"ANI
Romanus
SS"
AGP-EDR180118,X
AGP-EDR179406,Rusticus
AGP-EDR180390,Servi
AGP-EDR179811,Paris
AGP-EDR179789,Omen
AGP-EDR180078,IIIIIII
AGP-EDR178705,XXIIII
AGP-EDR178796,VIIIII
AGP-EDR178798,XIIII
AGP-EDR179453,Nonius
AGP-EDR180618,Columbus malus es
AGP-EDR180977,AA
AGP-EDR180074,Thalamus
AGP-EDR180382,M
AGP-EDR180305,M
AGP-EDR180701,III IME
AGP-EDR180517,IIIIIIIIIIIIIIIII     IIIIIIIIIIIIIIIIIIIIIIIIIIIIII
AGP-EDR180295,X
AGP-EDR180073,"Venimus hoc cupidi
multo magis ire cupimus"
AGP-EDR180767,Si quis SEQVI hic
AGP-EDR180075,ABCDEF
AGP-EDR178299,"XXX
XX
X"
AGP-EDR179769,B A B
AGP-EDR180403,N N
AGP-EDR180149,R
AGP-EDR180155,B
AGP-EDR180070,Vestinianus MO
AGP-EDR180117,L XXXI
AGP-EDR178890,"Vobis
picta"
AGP-EDR179670,"Ursa, Caprylla"
AGP-EDR180961,R
AGP-EDR179443,PEL
AGP-EDR179761,Sotericus
AGP-EDR180144,Valeas
AGP-EDR177961,"X 
X
X"
AGP-EDR178714,"XXXXIIIIIIII
XXIIII XXIIII"
AGP-EDR149335,Sabinus
AGP-EDR128641,Roma
AGP-EDR167405,DVD
AGP-EDR167408,"E
B"
AGP-EDR146121,vadavo
AGP-EDR146089,Helpis
AGP-EDR167680,T  S  I
AGP-EDR168759,"Homini
M C M
"
AGP-EDR167051,"GAVDAN
rogo te"
AGP-EDR168042,"Felicula 
fellas"
AGP-EDR167691,Quibus
AGP-EDR168185,IIIII
AGP-EDR168349,Roma
AGP-EDR167867,"Primigenia 
cum Prima 
hic"
AGP-EDR167723,Satur
AGP-EDR167442,ABCDEF
AGP-EDR149282,Pithia Prima cum Spartitundiolo hac modo
AGP-EDR175877,Gallus
AGP-EDR149109,Ianuaria
AGP-EDR128047,Lucilius
AGP-EDR166093,IIIXCVX
AGP-EDR166096,XXXX
AGP-EDR168647,Nero quis n
AGP-EDR160168,Si pudor quis
AGP-EDR151724,Eros Spleia
AGP-EDR151806,II CIII V
AGP-EDR193614,Visellio
AGP-EDR151814,Decus
AGP-EDR167991,"R  
XX
XX
XXX"
AGP-EDR167692,X
AGP-EDR168037,"Beliatus
IABET"
AGP-EDR166077,LVIIII
AGP-EDR166076,IIIIIIIIIIIIIII
AGP-EDR163597,Rufus
AGP-EDR163897,XXXXXII
AGP-EDR167728,Valentis
AGP-EDR151819,XOL
AGP-EDR149253,Bromius
AGP-EDR167874,VIV CVNLA
AGP-EDR163894,"Quorumc 
Primuis"
AGP-EDR128739,Ascula
AGP-EDR168287,"Hic
III"
AGP-EDR193337,"ABA
SABI
PRI
AIIVNVS
"
AGP-EDR167948,MSITA
AGP-EDR151936,Florus
AGP-EDR128561,IIIIIIIII
AGP-EDR128566,S
AGP-EDR128552,II
AGP-EDR128542,L X I I I I
AGP-EDR128544,"IIIIIIIIIIIIIII 
IIIIIIIIIIIIIII"
AGP-EDR192879,VIIIII
AGP-EDR163603,Venerandus
AGP-EDR163605,Ianuarius
AGP-EDR193817,Cantabunt mihi
AGP-EDR163403,Successa
AGP-EDR163885,EMIMIMVSOMA
AGP-EDR163887,"VIII 
IIIIIIII"
AGP-EDR192880,XXIIX
AGP-EDR163900,"ABCDE 
ABCDEF"
AGP-EDR163888,IIIIII
AGP-EDR127801,Aptus
AGP-EDR148433,pedicare volo
AGP-EDR166066,IIIIIIII
AGP-EDR167629,ABCDEH
AGP-EDR166078,IIIIIIIIIIIII
AGP-EDR166067,XX
AGP-EDR166068,IIIIIIVIIIII
AGP-EDR167645,AB
AGP-EDR163527,Sarnus
AGP-EDR149105,vera Victoria
AGP-EDR128647,XIIII
AGP-EDR128084,ALO
AGP-EDR128648,IIIIII
AGP-EDR128649,IIII
AGP-EDR163883,Quati
AGP-EDR128554,II II II
AGP-EDR166084,V
AGP-EDR166087,"IIIIII
VIII III"
AGP-EDR166089,"VI
"
AGP-EDR128643,VCVI
AGP-EDR166092,XXII
AGP-EDR128056,Primus
AGP-EDR149978,Iarinus
AGP-EDR149291,Scutularius cum Africana hac
AGP-EDR161910,Faustus
AGP-EDR163892,Rufini cubiculum s
AGP-EDR168159,rubenses rub
AGP-EDR167716,G IA
AGP-EDR163893,"Rru
Rru"
AGP-EDR163606,"Rusticus
Rufina"
AGP-EDR163528,"L N F
C"
AGP-EDR127409,Q R
AGP-EDR128550,DCCXCVIII
AGP-EDR128065,Placidus
AGP-EDR168488,ER
AGP-EDR168352,XIII
AGP-EDR142566,Narcissus
AGP-EDR148436,fututa sum hic
AGP-EDR161825,Maximus
AGP-EDR127814,XVI
AGP-EDR127574,Lepidi
AGP-EDR167688,R
AGP-EDR163524,Duobus
AGP-EDR166079,"V
"
AGP-EDR175159,"XNAXIIIDIIII
DII LX"
AGP-EDR175749,Epaphra
AGP-EDR192648,AB
AGP-EDR180466,A B C D II I G     V     T     X
AGP-EDR167913,Pier
AGP-EDR192650,S CD
AGP-EDR166081,IIIII
AGP-EDR151062,Synethus
AGP-EDR148674,Amabiliter
AGP-EDR128565,IIIIIIIIII
AGP-EDR149111,non aug
AGP-EDR193066,Successus hic
AGP-EDR163704,Licintus
AGP-EDR135591,quati
AGP-EDR151946,Sabinus
AGP-EDR128016,L A R
AGP-EDR127194,X
AGP-EDR127412,"D
D
DC
V
V
V
XX
FIIL"
AGP-EDR149209,Phoebus
AGP-EDR173880,AL
AGP-EDR127151,MO
AGP-EDR149057,Trebenius
AGP-EDR127576,Magistri
AGP-EDR127573,Leon
AGP-EDR127969,QVIVE
AGP-EDR163891,"Pelias
Alcestis"
AGP-EDR167729,"I HIICVII
VIILIS"
AGP-EDR167868,Liberalis
AGP-EDR128749,"D D D
D D D"
AGP-EDR149207,BACTEICIEO
AGP-EDR149161,nox
AGP-EDR149300,CCCLXXXVI
AGP-EDR128547,XII
AGP-EDR175943,Genicius
AGP-EDR180454,Iam
AGP-EDR166496,Clavos LXXXVII
AGP-EDR159689,quos ego sed
AGP-EDR151845,Sabinus
AGP-EDR180455,A X
AGP-EDR149151,ABCDEFGHIKLMN
AGP-EDR180460,XIX
AGP-EDR180462,XXXII
AGP-EDR180459,XIIII
AGP-EDR151719,Veteri
AGP-EDR175861,Fortunate
AGP-EDR151056,Ver
AGP-EDR175964,Romanus
AGP-EDR149208,quin
AGP-EDR076757,Memor Cassi Cascellius
AGP-EDR167611,Manilius
AGP-EDR193312,POSPRVI
AGP-EDR168353,IIIIIIIIIIIIIIII
AGP-EDR151447,COHI
AGP-EDR151777,Liberalis
AGP-EDR151729,SIIIQBIIIIRI
AGP-EDR175875,Iucundus
AGP-EDR128061,"Anchario
lina"
AGP-EDR180718,Augusto NA
AGP-EDR175166,Crescens
AGP-EDR150504,Sisininus
AGP-EDR163695,Circius
AGP-EDR127828,"Numina
Di
"
AGP-EDR127193,Galerii
AGP-EDR160163,Carm
AGP-EDR163526,Samatissa
AGP-EDR127157,QVA
AGP-EDR175874,ABCIIQXV
AGP-EDR151677,Clodiae
AGP-EDR189394,"Ampliata 
Florilla"
AGP-EDR151043,Ampliatus
AGP-EDR149448,clim
AGP-EDR127830,Menedemerumenus
AGP-EDR159785,arma vir
AGP-EDR151049,Fortunata fellat
AGP-EDR151061,Caius cum I
AGP-EDR180341,Vitalio
AGP-EDR150376,"Victor cum Attine
hic fuit"
AGP-EDR149191,Eros
AGP-EDR149233,IIIIIIIII
AGP-EDR149181,ABCD
AGP-EDR136429,Adauctus
AGP-EDR136432,Nero
AGP-EDR136436,Caiu
AGP-EDR136431,MQN
AGP-EDR180322,Canamus
AGP-EDR151683,Vidi
AGP-EDR176983,S P R
AGP-EDR180549,Nero
AGP-EDR175942,"Sodales, avete"
AGP-EDR127396,"Mus cave 
malum"
AGP-EDR193968,"Alliget hic auras si quis
obiurgat amantes et vetet
assiduas currere fontis
aquas"
AGP-EDR193627,Fortunatu
AGP-EDR167731,IIIIIIIIIIIIIII
AGP-EDR149340,CON
AGP-EDR168026,Nicephor
AGP-EDR188623,Auriolus
AGP-EDR149404,Reus SO
AGP-EDR148679,cito
AGP-EDR175148,Lucanica IIII
AGP-EDR148789,Anteros hoc scripsit
AGP-EDR149434,Augustus
AGP-EDR166099,XII
AGP-EDR149450,Fructus
AGP-EDR166069,IIIIIIIIIIIIIIII
AGP-EDR149040,Sica
AGP-EDR168704,X CLXXV
AGP-EDR151054,CRI S
AGP-EDR151055,Romanus
AGP-EDR168028,COR  III
AGP-EDR192997,"Cornelio
Amando
feliciter"
AGP-EDR127413,"VII
N"
AGP-EDR127419,X
AGP-EDR168025,SVRR
AGP-EDR125000,Oppi
AGP-EDR151716,Iulius Quintus
AGP-EDR147139,Phoebus
AGP-EDR193805,"Proeliare, Gangens, Caesar te spectat"
AGP-EDR167429,CRVPPAC
AGP-EDR175791,Albanus cinaedus est
AGP-EDR147141,"Victor
cum"
AGP-EDR167885,"Felicio
Verus 
VIIII"
AGP-EDR173488,"Restituta rogo II
SVS"
AGP-EDR187782,VXBVCTDSERFOGPHOFMKNL
AGP-EDR149108,Victoria
AGP-EDR128758,SE
AGP-EDR149136,Paris
AGP-EDR128063,OBR
AGP-EDR168347,"Auctus
Auctus 
Vectiga"
AGP-EDR149053,Habitus
AGP-EDR148686,Secundus
AGP-EDR189777,Secundus
AGP-EDR127233,"Mille meae
Siculis errant 
"
AGP-EDR149232,IIIIIIIIIII
AGP-EDR149241,Novi
AGP-EDR151825,Successus
AGP-EDR149258,IIIIIIII
AGP-EDR192931,IIPICA
AGP-EDR167430,Quem
AGP-EDR167573,IOLO
AGP-EDR149293,Prima
AGP-EDR149204,XVS  XVS
AGP-EDR193334,Ventus
AGP-EDR149185,Hermes
AGP-EDR149162,N voco
AGP-EDR151702,"Verna Vernionis
Secundus
Secundus"
AGP-EDR148527,Florus
AGP-EDR149240,Marcus
AGP-EDR175960,EREN
AGP-EDR149163,Crescens
AGP-EDR149280,Asti
AGP-EDR192858,Reliquos X VIIII
AGP-EDR193448,NVLTVS
AGP-EDR151734,Fortunatus
AGP-EDR149283,Marca
AGP-EDR175769,"Hormus
Ho
Hormus"
AGP-EDR180543,Apaea
AGP-EDR149451,Fructus
AGP-EDR192965,MANIANVSA
AGP-EDR127145,"Iucundus fututor 


"
AGP-EDR193212,"Abluat unda pedes, puer et detergeat udos,
mappa torum velet, lintea nostra cave"
AGP-EDR149140,"Venimus
Venerunt"
AGP-EDR148435,Cressa
AGP-EDR179028,A B C D II II G H
AGP-EDR180458,RIIS XIV
AGP-EDR179032,A B
AGP-EDR179033,ABCDIIFGHKIMNVLX
AGP-EDR151781,"Ibi et tu es
EGROTENE SOIP
HATS"
AGP-EDR146187,Hermeros hic futuit
AGP-EDR149164,Marim
AGP-EDR146087,"Vitalio
bene futues"
AGP-EDR148790,Cosmus
AGP-EDR180214,Marcus
AGP-EDR124971,IIIIIIIIIIIIIIIIIIIII IIIIIIIIIIIII
AGP-EDR149284,Ianuariae
AGP-EDR151041,Ver et Anedia
AGP-EDR124991,"Plataco 
turuda"
AGP-EDR176439,"A B
D"
AGP-EDR124999,Cosmus
AGP-EDR176440,A B C D
AGP-EDR127212,Evanthus
AGP-EDR180708,AMP
AGP-EDR176981,SER
AGP-EDR128650,X
AGP-EDR176980,Q R B
AGP-EDR176100,Socium
AGP-EDR149211,Latinus
AGP-EDR128546,"IIIIIIIIIIII
IIIIIIIIIIIIIII
IIIIIIIIIIIIII
IIII
"
AGP-EDR149238,Hervi
AGP-EDR149248,Hellespontus
AGP-EDR128740,pascela
AGP-EDR151681,Crescentis locus
AGP-EDR149143,Paris
AGP-EDR149149,"Marius 
NAR"
AGP-EDR151772,Cissus
AGP-EDR151782,Fructus
AGP-EDR151798,Armaturiis
AGP-EDR151771,Non pos
AGP-EDR151808,Corinthus
AGP-EDR151836,Narcissus
AGP-EDR150386,Si quis
AGP-EDR163400,Telesius
AGP-EDR161826,Vitalis
AGP-EDR163399,Lucius
AGP-EDR163598,Ampliatus
AGP-EDR163696,Mebi venio
AGP-EDR167114,Blastus
AGP-EDR167912,RR
AGP-EDR149447,Cadia
AGP-EDR166616,"Russa vale
XIIISIINDI"
AGP-EDR168761,AXCDFER
AGP-EDR167425,Proculus
AGP-EDR167818,Faustus
AGP-EDR168295,DVS
AGP-EDR167860,IST F pedico NIIIC V
AGP-EDR177558,N  XXI
AGP-EDR175775,CELA
AGP-EDR168041,"M
Q
Q
Q"
AGP-EDR167881,MINI
AGP-EDR167954,Anatolii
AGP-EDR151921,A SER XXXI
AGP-EDR175145,Venimus
AGP-EDR175161,Fora
AGP-EDR175796,Receptus
AGP-EDR175239,Quintus
AGP-EDR175756,Eulymenus
AGP-EDR175771,Phrastes
AGP-EDR151947,Caustulus
AGP-EDR151941,Osculo
AGP-EDR180713,COS
AGP-EDR179259,Schola
AGP-EDR180552,Habitos
AGP-EDR179827,ANT
AGP-EDR176977,Lucretio
AGP-EDR180704,"Lana
LV
Lana XXIX pondo"
AGP-EDR187776,ABCDEFGHIKLMNOPQRSTVX
AGP-EDR187910,ABCDEFGHIKLMN
AGP-EDR192936,Aemilius
AGP-EDR188625,Caelo
AGP-EDR189987,Alcis
AGP-EDR189763,Adiutor
AGP-EDR191927,Stronni
AGP-EDR191406,"Littera Theorianis semper dictura salutem
nomine nunc Dextri tempus in omne manet"
AGP-EDR159697,arma vir
AGP-EDR191910,"Felicem Aufidium felicem semper deus
faciat"
AGP-EDR192629,Neronem
AGP-EDR151340,Narcissus
AGP-EDR151332,Modestus
AGP-EDR151345,Romanus
AGP-EDR177566,"puer
Successus"
AGP-EDR192864,VIII
AGP-EDR192868,COINC
AGP-EDR192885,"I XXIX
II XXXIIX
III XXXII
IIII XXXI"
AGP-EDR192782,Hegium
AGP-EDR193062,muner
AGP-EDR193436,Montanus
AGP-EDR193440,Quartio
AGP-EDR193455,Munatius
AGP-EDR193821,MYTCC
AGP-EDR166070,IIIIIIIIIIIIIIIIII
AGP-EDR193616,Secundus
AGP-EDR189995,AON
AGP-EDR193822,Iucundus
AGP-EDR193607,Speratus Habito
AGP-EDR193949,ABCDIIIHG
AGP-EDR124969,"IIIIIIIIIIIIIIII
IIIIIIIIIIII IIIIIII
IIIIIIIII II IIIIIIII
IIIII IIIIIII"
AGP-EDR145433,Facilis hic futuit
AGP-EDR128548,IIIIIIIIIII
AGP-EDR128555,"XXIIIIIII
VIIII VIII VII
IIII IIIIII IIIIII IIIIIIII IIIIIIII
X IIIIIIII IIIIIIII IIIIII
IIIIII XXIIIIIIIIII
XVII IIIIIIIIIIIII
XXXXX X IIIIIII III
IIIII XXXXX"
AGP-EDR148683,"Trofime
XIX"
AGP-EDR192955,Successus
AGP-EDR151059,"he
he
hac"
AGP-EDR127360,XXXX
AGP-EDR151065,Castrensis
AGP-EDR151851,"Rusticus
Rusticus"
AGP-EDR166085,"VI
"
AGP-EDR163604,"Curiosus Vitalio
S A B"
AGP-EDR175856,Cera
AGP-EDR163404,Balai
AGP-EDR166073,IIIIII
AGP-EDR193621,Eranus
AGP-EDR180461,IIIIIII    IIIIIIIII    IIIIIIIIIII
AGP-EDR168480,"Ti comnis
olithus
rectus
"
AGP-EDR175430,"Augusto
feliciter"
AGP-EDR149138,Bucinus
AGP-EDR176979,SIR
AGP-EDR177557,IIII  IIII  IIII  IIIII  III  IIII  III  IIII  IIIII
AGP-EDR151943,Ve
AGP-EDR179029,AXBVCTDSHRNQGPHOINKIML
AGP-EDR180332,Tuto
AGP-EDR193702,"Secundus 
Primus"
AGP-EDR180553,AMPVR
AGP-EDR146122,futui
AGP-EDR149281,Prima cum suo hac
AGP-EDR189768,Ampliatus
AGP-EDR159781,arma vir
AGP-EDR150780,Vita amo te
AGP-EDR192946,"Sabinus
"
AGP-EDR192935,Ruibundus amnis
AGP-EDR160125,Aeneadum
AGP-EDR071661,Barbara barbaribus barbarant barbara barbis
AGP-EDR193753,Tu qui die digitos contrudis M N
AGP-EDR149983,Syneros
AGP-EDR092812,Vicimus
AGP-EDR074682,Phoenix felix et tu
AGP-EDR074234,Gemma velim fieri hora non
AGP-EDR127404,LXIIII
AGP-EDR124970,Caniu
AGP-EDR145431,"Felix
bene futues"
AGP-EDR148421,"YN
RA
Y"
AGP-EDR128553,"C t C F
C C"
AGP-EDR128551,VII
AGP-EDR127833,Nauplius
AGP-EDR128051,COLA
AGP-EDR146125,Phoebus pedico
AGP-EDR128564,bono ut sit
AGP-EDR148526,Asbestus hic
AGP-EDR148525,Victorie
AGP-EDR148820,"Aelius Magnus Plotillae suae
rogo domina  salutem"
AGP-EDR151712,Memor
AGP-EDR151710,Restituta tuis choreis
AGP-EDR166090,"VIII 
"
AGP-EDR159559,"cupidi multo magis 
cupimus"
AGP-EDR160323,Communem
AGP-EDR127424,ABCDEFGHIKLMNOP
AGP-EDR160165,Rusticus
AGP-EDR151780,"Severus
Severus"
AGP-EDR127430,X
AGP-EDR166075,IIIIIIIIIIIIIIIIIIII
AGP-EDR166094,"XVI
  XXI"
AGP-EDR151728,Firmus
AGP-EDR176982,SRQ
AGP-EDR167875,"Ro
Ro"
AGP-EDR177559,XXX
AGP-EDR167631,ABD
AGP-EDR167406,Hermulus
AGP-EDR167443,ABCDEFGHIKLMNOPQRSTVX
AGP-EDR128058,"FV
L"
AGP-EDR127366,Virilio
AGP-EDR128055,CHA
AGP-EDR127416,"D
D
X X"
AGP-EDR168752,Ionicus
AGP-EDR175186,"X
C
I
X"
AGP-EDR175729,"Anaristus
Phoebo
salutem"
AGP-EDR175731,"Viabianus
XIII"
AGP-EDR128060,ICYLI
AGP-EDR180719,IOSOAS
AGP-EDR168157,Syncletus
AGP-EDR179258,Ionaei
AGP-EDR148521,December bene futuis
AGP-EDR180321,Modios
AGP-EDR180545,"Fur cave
SIQ"
AGP-EDR175241,Repentinus
AGP-EDR175776,XX Heraclae
AGP-EDR168638,Ante
AGP-EDR189988,"Alce, valeas qui mereris"
AGP-EDR192646,B A
AGP-EDR176978,qui COV
AGP-EDR192996,Roma
AGP-EDR151775,Anicetus
AGP-EDR160128,Aeneia
AGP-EDR151804,Saeculares
AGP-EDR147137,Iar
AGP-EDR159382,Venimus
AGP-EDR166095,XV
AGP-EDR161821,Venus Venus
AGP-EDR166088,IIIIIIIII
AGP-EDR166082,XXXXXIII
AGP-EDR166074,IIIIIIIIIII
AGP-EDR166072,IIIIIIII
AGP-EDR193445,Crescens
AGP-EDR151854,Anumrub
AGP-EDR168479,Hic iudices
AGP-EDR168363,"IOCHV
TIYS"
AGP-EDR167861,III IIIIII
AGP-EDR167880,NC
AGP-EDR189991,Romanus
AGP-EDR159786,Arma virumque
AGP-EDR160123,Aeneadum genetrix
AGP-EDR192649,BA
AGP-EDR192644,AB
AGP-EDR192940,Marcinus
AGP-EDR193944,Sabinus
AGP-EDR167651,MV
AGP-EDR193446,Atimetus
AGP-EDR168282,Suavis
AGP-EDR167690,"Sabidia
Abonius"
AGP-EDR180325,Canamus
AGP-EDR127140,"Nonnius


"
AGP-EDR145430,"Hic ego puellas multas
futui"
AGP-EDR146891,Restituta bellis moribus
AGP-EDR127826,Prima
AGP-EDR150494,Fortunata fellat
AGP-EDR149148,"Luci Augustiane
ab prop"
AGP-EDR151714,Mulus hic muscellas docuit
AGP-EDR159678,Conticuere omnes
AGP-EDR168643,TI CAADI
AGP-EDR160126,Aeneia nutrix
AGP-EDR175486,"ROMA
OLIM
MILO
AMOR"
AGP-EDR175871,"M
TB"
AGP-EDR189393,NEREV Augustiane
AGP-EDR187553,"quisquis amat calidis non debet fontibus uti
nam nemo flammas ustus amare potest"
AGP-EDR193811,Cissus pedico
AGP-EDR149286,venimus
AGP-EDR193124,"Lascivos voltus et blandos aufer ocellos
coniuge ab alterius, sit tibi in ore pudor"
AGP-EDR166065,IIIIIIIII
AGP-EDR128286,Fortis
AGP-EDR180226,XIIIIIIIIIIIIIIIIIIII
AGP-EDR151066,quis
AGP-EDR151805,Samellius
AGP-EDR166086,IIIIIIII
AGP-EDR189770,Mystice
AGP-EDR168350,III
AGP-EDR175876,Magius
AGP-EDR168489,"S
CX"
AGP-EDR173899,IIII
AGP-EDR175945,IIIIIIIIII
AGP-EDR167725,QVETI
AGP-EDR175190,"Glagus
Gl"
AGP-EDR175118,ab
AGP-EDR151069,Mur
AGP-EDR189771,Primigenia
AGP-EDR151060,Synethus
AGP-EDR160130,AeneadC
AGP-EDR191928,Felix
AGP-EDR166751,Felix
AGP-EDR151680,Aris S
AGP-EDR192865,XII
AGP-EDR192957,AVCTAII fur
AGP-EDR193000,"Secundus 
Opscus"
AGP-EDR193801,Restituta
AGP-EDR149512,Tum
AGP-EDR149050,Habitus
AGP-EDR191034,Acti
AGP-EDR192102,aureus est Danae
AGP-EDR179265,Natalis
AGP-EDR187784,"ABCDEFGHIKLMNOPQRSTVX
AB"
AGP-EDR189398,Pamphilus
AGP-EDR127192,"L
PED"
AGP-EDR168035,SCRI
AGP-EDR167889,"Livius
Verus
X"
AGP-EDR159696,arma virumque
AGP-EDR160127,Aeneadum
AGP-EDR192642,Mariona
AGP-EDR193456,Viseius
AGP-EDR193458,AB
AGP-EDR193796,Cinaedus
AGP-EDR167427,"Pitamnus
Marc LI
"
AGP-EDR148434,vidimus hoc
AGP-EDR193683,ANIN
AGP-EDR149403,IL Poppai EINERI
AGP-EDR079714,Cernite Thebaides modo tales sed Bromios regia Menas
AGP-EDR151037,"Myrtale
Cassacos
fellas"
AGP-EDR128053,Lucilius
AGP-EDR074292,"Cucuta ab rationibus 
Neronis Augusti"
AGP-EDR160164,Corusticus
AGP-EDR167409,ABCD
AGP-EDR168292,"Amicus ave 
Umbricia"
AGP-EDR127810,S H S
AGP-EDR187909,ABCDEFGH
AGP-EDR151342,"Vetti Vere, amator, coctor
"
AGP-EDR127831,VR
AGP-EDR193743,ABC
AGP-EDR187783,AXBVCTD
AGP-EDR159695,arma viru
AGP-EDR127410,VRB
AGP-EDR151722,Quintinus
AGP-EDR163602,"Ampliatus
Martialis
Ianuarius
Onesimus
Iustus"
AGP-EDR161742,"Propero vale mea Sava
fac me ames"
AGP-EDR180547,Floronius
AGP-EDR167727,Venis
AGP-EDR189401,Cum si quis SAPVIM Zo
AGP-EDR192059,Proculus
AGP-EDR189403,Cum quidam
AGP-EDR193609,Nugas es
AGP-EDR193444,Hermes
AGP-EDR127977,"Sumptus VIII
"
AGP-EDR168348,Quovis
AGP-EDR159522,"Venimus hoc cupidi, multo magis"
AGP-EDR151828,Memor
AGP-EDR158848,candida me docuit
AGP-EDR151764,Canities
AGP-EDR175757,Euplus Euplus
AGP-EDR175238,"Domino V VI IIII
Domino V
Severo III
"
AGP-EDR167944,Cauda
AGP-EDR159694,arma virus
AGP-EDR161390,Pauper
AGP-EDR161342,Pauper
AGP-EDR193647,Roma
