agpID,latin_text
EDR071661,Barbara barbaribus barbarant barbara barbis
EDR071722,"sociis vicesimariis
novis et veteribus"
EDR071808,"Marcus Lucretius Fronto vir fortis
et honestus"
EDR071918,"Haec fuerat quaesita dies innoxia famae
 sem

 pauca"
EDR072274,Caius Vettius Firmus
EDR072296,Aedilem Proculum  cunctorum turba probavit Hoc pudor ingenuus postulat et pietas
EDR072663,Fullones ululamque cano non arma virumque
EDR073355,"Apollinaris medicus Titi Imperatoris 
hic cacavit bene"
EDR073638,"S

Δ

rotas
opera
tenet
arepo
sator

A N O"
EDR073766,"Marcus Lollius Marci libertus
Bithus"
EDR074234,Gemma velim fieri hora non
EDR074292,"Cucuta ab rationibus
Neronis Augusti"
EDR074682,Phoenix felix et tu
EDR074685,"Pompeis
ad amphitheatrum
Euxino coponi"
EDR076752,Antoni
EDR076753,Munera Poppaea misit Veneri sanctissimae berullum elenchumque unio mixtus erat
EDR076754,"Caesar ut ad Venerem venit sanctissimam ut tui te vexere pedes
caelestes Auguste millia milliorum ponderis auri fuit"
EDR076755,"Pro salute reditu et victoria
Cai Iuli Philippi votum hic fecit Laribus
Publius Cornelius Felix et Vitalis Cuspi"
EDR076757,Memor Cassi Cascellius
EDR076758,Paris invicte νικά
EDR077696,Si cycnus in caelo est hac
EDR077698,"Floronius
binet ac miles
legionis VII hic
fuit neque
mulieres
scierunt nisi
paucae et
ses erunt"
EDR079495,"Theophilus canis
cunnum lingere noli puellis in muro"
EDR079713,"Nigrum
cum Nesto
Cumis"
EDR079714,Cernite Thebaides modo tales sed Bromios regia Menas
EDR081345,Caius Messenius Eunomus in curia
EDR081346,"Mammium Anicetum
rogamus curia Augustiana"
EDR081347,"Publius Arrius
Spaerus"
EDR081348,"Arrius
Publi filius"
EDR081349,In curia  Augustiana
EDR081355,"quinquagenta
ubi erant
exinde ocio"
EDR092812,Vicimus
EDR102191,"Hermeros Primigeniae dominae
veni Puteolos in vico Tyaniano et quaere
a Messio nummulario Hermerotem Phoebi"
EDR112869,"Διογένης ὁ κυνικὸς φιλόσοφος
ἰδὼν γυναῖκα ὑπὸ ποταμοῦ φερομένην εἶπεν"
EDR122604,ave
EDR122610,Pondo
EDR124967,Quartilla vale
EDR124968,Quartilla
EDR124969,"IIIIIIIIIIIIIIII
IIIIIIIIIIII IIIIIII
IIIIIIIII II IIIIIIII
IIIII IIIIIII"
EDR124970,Caniu
EDR124971,IIIIIIIIIIIIIIIIIIIII IIIIIIIIIIIII
EDR124972,viri facies ad sin.
EDR124973,circulus continens florem
EDR124974,circulus
EDR124975,quos        amat  valeant
EDR124976,equus ad sin. incedens
EDR124977,navis cum remis maloque
EDR124978,navis cum remis
EDR124979,Nicopolis vale
EDR124981,Anthis vale
EDR124982,Anthis vale
EDR124983,Nicopolis vale
EDR124984,Nicopolis vale
EDR124986,Anthis vale
EDR124987,Anthis
EDR124989,Euplia
EDR124991,"Plataco
turuda"
EDR124992,vale Quartilla
EDR124993,Quartilla vale
EDR124994,Cypare vale
EDR124995,Quartilla vale
EDR124997,"Salutem venientis
venientis
III"
EDR124998,salutem venientis
EDR124999,Cosmus
EDR125000,Oppi
EDR125001,conticuere omnes
EDR125002,viri facies ad sin.
EDR127080,"Marcus Titinius
cinaedus
L"
EDR127081,"Cuproniusepol
Romulus in
caelo
Martis
equitat"
EDR127140,Nonnius
EDR127145,Iucundus fututor
EDR127147,"Eros
Thymele"
EDR127149,Symmachus
EDR127152,"Pacatus
hic cum suis
mansit Pompeis"
EDR127155,"Auctilius
Atilio salutem
Casellio
infelicia"
EDR127158,"VIII
VIII"
EDR127185,Caius Voconius
EDR127186,"Albanius
Communis

Aurelius
Ṇoniu"
EDR127187,Caius Lalius
EDR127191,Ursus
EDR127192,L
EDR127193,Galerii
EDR127194,X
EDR127212,Evanthus
EDR127213,"Geganius
Romulus
aedilis
iuvenalium"
EDR127218,avis ad sin.
EDR127231,"Inops
Caius  Iunius"
EDR127233,"Mille meae
Siculis errant"
EDR127234,Marcus Atilius hic stationem fecit
EDR127237,caput hominis ad sin.
EDR127242,"Lucilius
Lucidae suae
ubique salutem"
EDR127297,centuria Clementis
EDR127298,"Auli PosstuPostumi
Quicti"
EDR127299,Icare vale
EDR127366,Virilio
EDR127368,"corona palma
Chloe vale"
EDR127396,"Mus cave
malum"
EDR127398,"Numeruṣ

Decimus Iulius
Th"
EDR127399,"hic sumus
felices
valeamus
recte"
EDR127405,"Qui mihi docendi
dederit mercedem
habeat quod
petit a superis"
EDR127406,Castalo salutem
EDR127409,Q R
EDR127411,"Anus
vitae meminit
scio
Aquiti
mortis
taeduisti"
EDR127412,"D
D
DC
V
V
V
XX"
EDR127413,"VII
N"
EDR127414,Lucius  Lollius procûrator
EDR127416,"D
D
X X"
EDR127417,"R O
R
R"
EDR127419,X
EDR127420,"socius
Veṛvicius"
EDR127423,Chloe Clemen
EDR127425,Cinnamus
EDR127426,"Matris
Eleusinae"
EDR127427,"Menedemerumenus
 Menedemerumenus"
EDR127428,"Eo
vale
Chloe"
EDR127429,"caput hominis
Ἥσυχος"
EDR127430,X
EDR127573,Leon
EDR127574,Lepidi
EDR127575,Caius Lucianus
EDR127576,Magistri
EDR127577,Postumi
EDR127578,centuria Tironis
EDR127579,centuria Semproni
EDR127790,"Nauplius
Clappo salutem"
EDR127801,Aptus
EDR127806,Valens
EDR127807,centuria Valentis
EDR127808,Titus Irrius
EDR127809,"Primus
ave vale"
EDR127810,S H S
EDR127811,Icarus
EDR127812,Lucius
EDR127814,XVI
EDR127815,"Publi Propesi
cuntus
Verpa
quae istuc
leges

Non es
fidenter
scriptscriptor
phallus"
EDR127816,Mystice vale
EDR127817,Chl  oe  va
EDR127820,"Aristo
Tonsori"
EDR127821,Eucapa puer  vale
EDR127822,Manio Aemilio
EDR127823,"Sautrane
vale"
EDR127824,Sautrane vale
EDR127826,Prima
EDR127827,"nec Phryges
extabant Quid
agit apex
dexter"
EDR127828,"Numina
Di"
EDR127829,Menedemerumenus
EDR127830,Menedemerumenus
EDR127833,Nauplius
EDR127835,Florus
EDR127838,quoṣ
EDR127842,Proculus
EDR127847,Tîber
EDR127848,Feliciter Faustio
EDR127849,"instrumentum gladiatorum, galea

sumit
 CV
instrumentum gladiatorum, thorax"
EDR127850,Faustio
EDR127971,Acanthus hic
EDR127972,"venivit
mulieri
Decimi Lucreti Valentis
Onustus
eques I
rationis
Saga"
EDR127973,Siccia X
EDR127977,Sumptus VIII
EDR127979,"B
Mille
Acanthus"
EDR127981,Popius
EDR127982,Marci Brutt
EDR128013,Urbanus
EDR128014,Urbanus
EDR128016,L A R
EDR128046,Collatius
EDR128047,Lucilius
EDR128048,"Lucilius
Lucidae suae
ubique salutem"
EDR128050,"hic habitamus
felices
nos
dii
faciant"
EDR128052,"Quintus Caecilius
Quintus Caecilius
Lucius Caecilius"
EDR128053,Lucilius
EDR128056,Primus
EDR128057,va
EDR128058,L
EDR128059,"Voconius
Pacatus"
EDR128061,"Anchario
lina"
EDR128062,"Urbanus
hic lusit VI Idus
decembres"
EDR128064,Lucius Atilius
EDR128065,Placidus
EDR128067,centuria Luccei
EDR128082,centuria Aebuti
EDR128097,Militibus ubique salutem
EDR128116,Chloe vale
EDR128117,"O 
âv"
EDR128118,Chloe
EDR128276,Ligaria
EDR128277,Totus
EDR128279,tridens?
EDR128284,Providentes
EDR128285,Auli Iuni
EDR128286,Fortis
EDR128292,"Apsyrtus
Lacenae
ubique"
EDR128293,Caius  Lux
EDR128294,aves oppositae
EDR128542,L X I I I I
EDR128543,"Alica
pondo IIIII"
EDR128544,"IIIIIIIIIIIIIII
IIIIIIIIIIIIIII"
EDR128545,"hinc
hinc
pedibus XII  VII
V"
EDR128546,"IIIIIIIIIIII
IIIIIIIIIIIIIII
IIIIIIIIIIIIII
IIII"
EDR128547,XII
EDR128548,IIIIIIIIIII
EDR128550,DCCXCVIII
EDR128551,VII
EDR128552,II
EDR128553,"C t C F
C C"
EDR128554,II II II
EDR128555,"VIII VII
IIII IIIIII IIIIII IIIIIIII IIIIIIII
X IIIIIIII IIIIIIII IIIIII
IIIIII 
XVII IIIIIIIIIIIII
 X IIIIIII III
IIIII"
EDR128556,emis CC K
EDR128557,"Mula fellat Antoni
Fortunata aeris assibus II
caput hominis"
EDR128559,"Idibus Iulis
inaures positas ad Faustillam
pro denarium II usuram deduxit aeris assem
ex summa XXX"
EDR128560,"Daphnus
Felix
Aegle
Attice"
EDR128561,IIIIIIIII
EDR128562,"IIIIII  IIIIIIIIIIIIIIIIII IIIIIIIIIIIIIII IIIIIIIII
IIIIIIIIIIIIIIII IIIIIIIIIIIIIIIIIIIIIIIIIIIIIIIIIIIII"
EDR128563,crux orbiculis ad extremum bracchiorum
EDR128564,bono ut sit
EDR128565,IIIIIIIIII
EDR128566,S
EDR128581,"Assibus VIII
Stabuli"
EDR128582,equi caput et thorax
EDR128583,Medusae? caput prospiciens
EDR128585,caput hominis ad sin.
EDR128616,"Lucumo
quis 
 S"
EDR128617,Ṃạrcius Atimetus
EDR128641,Roma
EDR128642,"Lucius
Cominius"
EDR128644,Eros
EDR128645,"circulus circulum continens, tracti cum circino
Marcus Cerrinus"
EDR128648,IIIIII
EDR128649,IIII
EDR128650,X
EDR128660,Dos I assis
EDR128661,"Atilius assem I
Atilius assem I
Atilius assem I"
EDR128662,"Dos
I assis"
EDR128673,caput hominis ad sin. conversum
EDR128733,"Albanụs assem I
Ạlbanus assem I
Aḷbanus assem I
Albanus asses II
Agathẹmerus asses II"
EDR128734,"panem assibus II
purmentarium assibus III
oleum asse I
 assibus IIII
vinum asse semis
caseum asse semis
 assibus IIII
vinum asse semis
XI Kalendas acce"
EDR128737,"Macer
Caius Popillius"
EDR128738,trophaeum?
EDR128739,Ascula
EDR128740,pascela
EDR128749,"D D D
D D D"
EDR128752,"IIIIIIIIIII
IIII"
EDR128753,"quisquis
in cathedra"
EDR128755,Spes assibus
EDR128757,"Pompeianis Paeoniam

figura hominis ad sin."
EDR128759,MI
EDR128762,"Callistus
hic lusit
cụm"
EDR128770,Caius  Lux
EDR128772,vale
EDR128774,"G
G
C"
EDR128776,"Valeri
vale"
EDR128777,"Clodius
hic et ubique
amabiliter"
EDR128778,"Panem

X"
EDR128779,Matris Eleusinae
EDR128899,herma viri ad sin. conversus
EDR129306,"Lollianus
Euhodus
Priscus
Musicus
Atimetus
Ampelus

Glaucus
Communis"
EDR135591,quati
EDR136429,Adauctus
EDR136432,Nero
EDR136433,"Habito suo
 salutem"
EDR136435,XII
EDR136436,Caiu
EDR136437,Qui nisi
EDR136438,septem et semis
EDR140034,"Stiriscus
Moschus Noeto"
EDR140036,"Ex senatus consulto 
 
mansi solus"
EDR140037,XI kalendas Februarias
EDR140039,"Branc
broc
trans
nus
Noster
tros
men
Quod
quid
quae
quas
Rum
quis
que
dem
Con
les
lis
muḷ
Mol
ma
me
mae"
EDR140040,C C ego
EDR140046,"Coldenarius
Colono"
EDR140050,Bucolus
EDR140052,Soli
EDR140053,"R
Paris
amas"
EDR140054,"feliciter
FELICITER in forma navis scriptum"
EDR140055,IIIIIIIIIIIIIIIIIIIIIIIIIIIIII
EDR140057,Φιλιππε
EDR140061,"accepit Secundus Crusali servus
et Valentina phallus"
EDR140062,heribus miscella
EDR140124,Quis d
EDR140125,Quid
EDR140127,Balbus
EDR140131,"Crocale
barbata"
EDR140133,M
EDR140134,David
EDR140135,Hic amor sapiet
EDR140136,XI
EDR140138,Burrus  petat H
EDR140139,Salvia Superba
EDR140140,Quintus Vettius
EDR140141,"Centurio
centonem non habet"
EDR140142,Κογιτάτουϲ S
EDR140143,Amata
EDR140144,"Mansueta
tene phallus"
EDR140145,"Ὀνέϲιμοϲ
ευνυϲ"
EDR140147,"conclave Puteolis

 consistunt Herculanenses naviculae"
EDR140149,Algemus
EDR140151,Aulus Tatius
EDR140152,"Hyacinthus hic fuit
Verginiam suam"
EDR140165,"Surus
Ianua vale"
EDR140166,Cum quidam pauper ligas
EDR140168,Felices
EDR140171,"Saturninae
matri uncus
assibus III"
EDR140172,"A Epicurus
si es Utica"
EDR140173,Oceanus
EDR140174,Vasa
EDR140175,DIII VII
EDR140177,"Assis 
CCCXXX"
EDR140179,P S aedituus
EDR140181,Severus
EDR140182,CLXX
EDR140184,Iuvari
EDR140186,Φάβιος
EDR140187,Quintus
EDR140188,"VIII Kalendas Martias
Numisii Genialis
gladiatorum paria X
Herculani"
EDR140190,"gladiatores inter se dimicantes
Euhodus
et Satura
Puteolani"
EDR140191,extersi
EDR140192,Ara
EDR140193,XVII
EDR140195,"XI Kalendas pane factum
III Nonas pane factum
III"
EDR140197,R
EDR140198,Aniciae feliciter
EDR140199,Eueno
EDR140200,Πρόκλα
EDR140204,IIII Publius Quintilius
EDR140205,Primigenio salutem
EDR140206,"Oceanus
ω"
EDR140208,Mercurius
EDR140210,IIIIIIIIIII
EDR140211,Charca meam Syra
EDR140213,Cereales sint Cumis
EDR140217,ovas  E  M X P vectat
EDR140219,"genius suae salutem
 N   R"
EDR140220,Alica
EDR140221,vol cum Marcello
EDR140223,P P P redire si minus innectebis et te
EDR140224,a Tertio S
EDR140226,Secundus quo Hectic plurimam salutem
EDR140230,Anicete vale
EDR140231,Augu
EDR140232,suis P ave vivant
EDR140233,Vale Procame
EDR140234,Publius Septumius
EDR140235,IIII
EDR140237,Vibidi
EDR140239,"Caius Iunius
nomen C(AIUS) IUNIUS in forma navis scriptum"
EDR140246,I
EDR140248,"caveas Timinia
Iures"
EDR140250,IIIIIII
EDR140252,IIIIIIIIIIIIIIIIII
EDR140254,"Idibus Ianuarias
mystagogus μυσταγωγός docens
 et Ẹtoen"
EDR140255,"Sextus Porcius
s s"
EDR140257,XVII kalendas X kalendas VII idus
EDR140258,Mus nequam
EDR140669,Rufûla pondo V semis
EDR140978,Vivanius Ater ubique
EDR140980,Quam mita vis  Pastores atque  Caste monit erga pugiles
EDR140982,VI  DV
EDR140983,"Fortunatus  amat  Ampliandam
Ianuarius  amat  Veneriam
Rogamus  domina  Venus
ut  nos  in  mente  habeas
quod te  modo  interrogamus"
EDR140986,"Urso
Urso"
EDR140987,Marcus
EDR142437,XI
EDR142438,Quintus
EDR142441,Ad
EDR142564,navis oneraria cum nautis et tugurio
EDR142565,"Idibus Martiis
in sumptum sumpsi"
EDR142566,Narcissus
EDR142567,XI XV Kalendas Maias
EDR142568,"VII Idus Novembres asseres IIII
tertius"
EDR142569,"XI Kalendas Iulias
man"
EDR142571,IIIIIIIIII
EDR142572,III Idus Iulias tritici modios CC
EDR142573,"Venustus
nomen Venustus in forma navis scriptum"
EDR143634,galea gladiatoria cum crista ad sin.
EDR143636,"caput acutum cum nasone longo et corona, gryllus?"
EDR143648,quid fit
EDR143814,galea gladiatoria cum crista ad dext.
EDR143815,galea gladiatoria cum crista ad dext.
EDR143832,galea gladiatoria cum crista ad dext.
EDR143833,galea gladiatoria
EDR143900,"gladiator, murmillo galea et scuto armatus"
EDR143926,"iamque omnẹs vicini incendia participantur
si faciam flammam tradere uti liceat"
EDR143927,"ore 
 aut ea 
 opus est 
 eu"
EDR144347,basis columnae cum parte columnae ornamentae et fortasse scalae
EDR144348,basis columnae
EDR144349,basis columnae
EDR144350,basis columnae
EDR144352,basis columnae
EDR144353,basis columnae
EDR144354,"Θ
Faustus
Nothus
Nothus
nomina FAVSTVS et NOTHVS scripta in forma trium navium, NOTHVS bis"
EDR144356,sex circuli quorum duo simplices et quattuor duplices sunt
EDR144514,"camelus dromedarius cum cauda, lodicem gerens, ad dext. incedens"
EDR144659,galea gladiatoria
EDR144783,galea gladiatoria cum crista
EDR144784,galea gladiatoria cum crista
EDR144785,"nil sibi habere aiunt Eumam totumque locare
quid ṭum"
EDR144786,"si quid amor valeat novisti si te hominem scis
commiseresce mei da veniam ut veniam
flos Veneris mihi de"
EDR144787,"Caesia si 
si parvum 
es bibe 
nec"
EDR144788,"solus amare 
multa opus sunt 
quod nescire dare"
EDR145004,cervus a cane assultatus
EDR145005,cervus a cane assultatus
EDR145006,cervus a cane assultatus
EDR145007,cervus a viro laqueo captus
EDR145008,cervus a viro laqueo captus et a cane assultatus
EDR145009,vir cervum equitans
EDR145030,"gryllus feminae cum cornibus, unguibus, dentibus, et alis, falcem aut baculum tenentis"
EDR145032,gallus cum crista alisque
EDR145036,navis
EDR145037,carina navis
EDR145296,vir ad sin. prospiciens
EDR145384,gladiator gladio et scuto longo armatus
EDR145428,salve Ilia
EDR145429,Ias cum Magno ubique
EDR145430,"Hic ego puellas multas
futui"
EDR145431,"Felix
bene futues"
EDR145432,Ikarus Θ
EDR145433,Facilis hic futuit
EDR145434,Nica Chreste ipsime
EDR145435,panta
EDR145436,calos Paris
EDR145437,calos Castrensis s
EDR145438,"phalli figura
Iarinus"
EDR145764,cervus
EDR145765,cervus
EDR145766,cervus
EDR145767,animal
EDR145768,animal
EDR145771,figura hominis
EDR145935,cervus stans
EDR145936,Echio vale
EDR145941,"vale
 Isidoru
IX
viri caput"
EDR145942,"Proculus
herma viri"
EDR145943,scaena erotica
EDR145999,Phoebus
EDR146000,"Puteolanis feliciter
omnibus Nucherinis
felicia et uncum Pompeianis
Petecusanis"
EDR146001,"Phoebus unguentarius
optime futuit"
EDR146085,"Ṣolḷemnes
ḅene futues"
EDR146086,"Sollemnes
benẹ futues"
EDR146087,"Vitalio
bene futues"
EDR146088,"Scordopordonicus hic bene
futuit quem voluit"
EDR146089,Helpis
EDR146121,vadavo
EDR146122,futui
EDR146123,"XVII Kalendas Iulias
Hermeros
cum Philetero et Caphiso hic futuerunt"
EDR146125,Phoebus pedico
EDR146187,Hermeros hic futuit
EDR146189,"pedicat Apollonia 
bene dat Nonius"
EDR146190,"Beronice
habenda
futuere"
EDR146191,Feliculam ego f
EDR146651,Feliculam ego hic
EDR146889,Marcus Scepsidi ubique salutem
EDR146890,Ianuarìae ti
EDR146891,Restituta bellis moribus
EDR146892,"futui Mulam hic
quid"
EDR146893,Μολα φουτουτρις
EDR147137,Iar
EDR147138,Callìdṛome vale
EDR147139,Phoebus
EDR147140,"Sabinus Proculo
salutem"
EDR147141,"Victor
cum"
EDR147158,galea gladiatoria
EDR147517,circulus circulos continens
EDR147607,herma viri cum palma
EDR147686,"Thallasâe fusa Optatus
verba in forma navis scripta"
EDR147687,"Crescens architectus
verba scripta in forma navis cum malo et remis"
EDR147717,"Neptunus
nomen NEPTVNUS in forma navis scriptum"
EDR147725,"Neptunus
nomen NEPTVNVS in forma navis scriptum"
EDR147777,Crescen
EDR147779,Crescen
EDR147780,"Navigium Celeris
verba in forma navis scripta"
EDR147856,Montanu
EDR147857,"Psyche
nomen Psyche in forma folii hederae scriptum"
EDR147860,"quamvis modesta vi maxima sis
verba in forma sicae scripta"
EDR147861,"quanṿịs  vi 
verba scripta in forma sicae"
EDR147862,labyrinthus circularis
EDR147863,circulus circulos continens
EDR147874,circulus fortasse rota
EDR147875,circulus fortasse rota
EDR147876,circuli
EDR147877,circulus
EDR147878,circulus florem continens
EDR147881,circulus florem continens
EDR147882,circulus florem continens
EDR147884,circulus circino tractus et florem continens
EDR147916,"Restitutus
nomen RESTITVTVS in forma navis scriptum"
EDR147917,"Secundus
nomen SECVNDVS in forma navis scriptum"
EDR147918,"Numerius Popidius
Salvius
nomen in forma navis scriptum"
EDR147919,"Siletiollus
nomen SILETIOLLVS in forma navis scriptum"
EDR147920,"Secundus
nomen SECVNDVS in forma navis scriptum"
EDR147921,"Siletiolus
nomen SILETIOLVS in forma navis scriptum"
EDR147922,"Communem nummum
verba COMMUNEM NU(MMUM) in forma navis scripta"
EDR147923,"vela
Antiochus
hic mansit
cum sua
cythera"
EDR147925,"A
circulus circino tractus et florem continens"
EDR147927,circulus circino tractus et florem continens
EDR147928,circulus circino tractus et florem continens
EDR147929,circulus florem continens
EDR147930,circulus florem continens
EDR147931,circulus circino tractus et florem continens
EDR147932,circulus triplex florem continens
EDR147933,circulus
EDR147934,circulus flores continens
EDR147935,circulus flores continens
EDR147936,circulus flores continens
EDR147969,circulus circulos sectiles continens
EDR147970,circulus circulos sectiles continens
EDR147971,circulus circulos sectiles continens
EDR147972,circulus circulos et flores continens
EDR147973,circulus circino tractus et circulos floresque continens
EDR147974,circuli circino tracti
EDR147975,circulus
EDR147976,circulus circino tractus
EDR147977,circulus circino tractus
EDR147978,circulus circino tractus
EDR147979,circuli sectiles circino tracti
EDR147999,"Siletiollus
nomen SILETIOLLVS in forma navis scriptum"
EDR148022,"Surrentinas
Surrentinas
verba Surrentinas scripta in forma duarum navium

caput hominis"
EDR148103,"Venite amantes
verba in forma navis scripta"
EDR148379,"Qûartio vale
labyrinthus
labyrinth"
EDR148380,labyrinthus circularis
EDR148381,labyrinthus circularis
EDR148416,labyrinthus circularis
EDR148418,stella
EDR148419,"duo triangula
two triangles"
EDR148421,Y
EDR148422,permulta quadrae et triangula
EDR148432,victrix victoria vale
EDR148433,pedicare volo
EDR148434,vidimus hoc
EDR148435,Cressa
EDR148436,fututa sum hic
EDR148511,contìquere
EDR148512,Neptunaḷịs
EDR148515,"Μουσαῖος
ἐνθάδε
βινεῖ"
EDR148517,"Felix cum
Fortunatạ"
EDR148520,Sollemnis hic
EDR148521,December bene futuis
EDR148523,Iarinus
EDR148525,Victorie
EDR148526,Asbestus hic
EDR148527,Florus
EDR148651,siquis erit variae am
EDR148652,"Sextus Decimius Rufus
miles cohortis V praetorianae centuria Martialis"
EDR148653,"Sutores  quem
Caselli"
EDR148654,Auctus Iuli
EDR148671,"Acetabula
assibus II semis  II
acetabula"
EDR148672,"Vasa in camella
 VI"
EDR148673,"III nonas Augusti
Calchimi oc
eterate
in"
EDR148674,Amabiliter
EDR148676,Marcum vasculum
EDR148677,XIX Kalendas Februarias
EDR148678,Numeri Popidi
EDR148679,cito
EDR148682,"Albanus Pomponius
Severi servus

Severus"
EDR148683,"Trofime
XIX"
EDR148684,"Idus Ianuarias
sacculum"
EDR148685,"denarius  Assibus 
debes
denarius XLVII XVI"
EDR148686,Secundus
EDR148687,Celesius hic est
EDR148730,Atini
EDR148731,tres tauri ad sin. currentes
EDR148732,"folium
leaf"
EDR148733,"folium
leaf"
EDR148788,in contra pondo VI  VIII
EDR148789,Anteros hoc scripsit
EDR148790,Cosmus
EDR148820,"Aelius Magnus Plotillae suae
rogo domina salutem"
EDR148821,Muner
EDR148829,"Hic venatio pugnabit V Kalendis Septembris
et Felix ad ursos pugnabit"
EDR148830,"Taurus 
 non"
EDR148831,"Quota sunt capita dua
sella quadrua
equales di"
EDR148861,quadratum
EDR148862,viri herma ad sin. conversus
EDR148863,avis
EDR148864,avis stans
EDR148865,avis stans
EDR148874,"scutum
shield"
EDR148875,navis cum malo velo et remis
EDR148876,navis cum remis maloque
EDR148877,navis cum malo
EDR148878,navis cum remis velis malisque
EDR148879,navis cum velo
EDR148880,"Evodius
navis cum malo veloque"
EDR148881,navis cum malo veloque
EDR148882,navis
EDR149031,Γελαϲτὴ χαῖρε
EDR149034,Rarus
EDR149035,"retiarius cum tridenti
retiarius with trident"
EDR149036,Κοντεμνω δηρειδιω Λατωνα τουαμ Ϲαλβιλλα
EDR149037,"P
Primi"
EDR149038,viri facies barbata ad sin.
EDR149039,gallus ad sin. rostro cibum carpens
EDR149040,Sica
EDR149041,lax
EDR149042,Paridi
EDR149043,"abiat habeat
Quieti corona?"
EDR149044,Paridi phallus
EDR149046,"Asses IV
divitias
scripula III"
EDR149047,Rh
EDR149048,"Lite es dupundi
Lite
aeris assis"
EDR149050,Habitus
EDR149052,Stano sis gemma
EDR149053,Habitus
EDR149056,"Crescens Euantillus
Paris vale"
EDR149057,Trebenius
EDR149060,"Unus amat unam
Salutem Salutem"
EDR149061,Lin
EDR149062,"Celerina Spuri filia
Sẹlinunti"
EDR149063,"Pacạtus
Pompeianis"
EDR149064,"Iuli phallus ad sin. versus lingis
Pacatus"
EDR149065,Abascantus
EDR149104,Victor bene futụịṭ Novimus
EDR149105,vera Victoria
EDR149106,Vìctoria ìnvicta hic
EDR149108,Victoria
EDR149109,Ianuaria
EDR149110,Victorie
EDR149111,non aug
EDR149112,"Nais
sodalis"
EDR149113,Ìas Magno salutem
EDR149114,"Felix futuit
cum"
EDR149115,Ianûariaes
EDR149116,Σωσᾶς
EDR149136,Paris
EDR149138,Bucinus
EDR149139,Ianuarius
EDR149140,"Venimus
Venerunt"
EDR149141,"Laculus
Priscillo
amabiliter"
EDR149142,"hominis caput cum naso ingenti
Ampliate
Icarus
te pedicat
Salvius
scripsit"
EDR149143,Paris
EDR149144,Echio vale
EDR149145,Bemilia
EDR149146,Romanus
EDR149147,"Luci Augustiane
abias propitium Caesarem"
EDR149148,"Luci Augustiane
ab prop"
EDR149149,Marius
EDR149150,"Lucio Popidio Secundo
Augustiano feliciter"
EDR149154,Vetti
EDR149155,"IIII Kalendas

III Kalendas"
EDR149159,amv caput hominis phallus directus versus os capitis illius
EDR149160,"qui modo 
erminuca"
EDR149161,nox
EDR149162,N voco
EDR149163,Crescens
EDR149164,Marim
EDR149172,"denarii XVIII
denarii III"
EDR149173,"amat qui scribet Pedicatur qui leget Qui obscultat prurit
Pathicus est qui praeterit
Scribit pedicator
Septumius"
EDR149174,"quam pretio aut precibus vincitur
adsta"
EDR149176,N
EDR149177,in balneum
EDR149178,Ἀταλα
EDR149179,Ἀφροδίτη
EDR149180,Ἀμανδoϲ
EDR149184,"Κίνναμοϲ
Κίνναμαμοϲ"
EDR149185,Hermes
EDR149186,C Piero
EDR149187,"Antonius

M M M S"
EDR149189,"D  
D"
EDR149190,"Capella vale
palmae ramus
palm branch"
EDR149191,Eros
EDR149196,"Sacaba et Caramilus 
duo gladiatores, a quibus alter, sub SAC, alterum, sub M, tridente petit"
EDR149197,Hirrius
EDR149198,Hirr
EDR149206,Balbus et Fortunata duo coniuges
EDR149208,quin
EDR149209,Phoebus
EDR149211,Latinus
EDR149212,Quintum Varium
EDR149213,"Firmus
Firmus"
EDR149215,Diogenes
EDR149232,IIIIIIIIIII
EDR149233,IIIIIIIII
EDR149236,Vic
EDR149238,Hervi
EDR149240,Marcus
EDR149241,Novi
EDR149244,Ϲύμμαχος
EDR149245,Quis
EDR149247,Iulium
EDR149248,Hellespontus
EDR149250,"Phoebus
cinaedus"
EDR149251,non pateris et nos futuere bene
EDR149252,"Marcellus
Proculus
Marcellus"
EDR149253,Bromius
EDR149254,Mam
EDR149255,"Mari
Victorius"
EDR149258,IIIIIIII
EDR149277,Pithia Prima cum Spartitundiolo modo hac
EDR149278,Popidii
EDR149280,Asti
EDR149281,Prima cum suo hac
EDR149282,Pithia Prima cum Spartitundiolo hac modo
EDR149283,Marca
EDR149284,Ianuariae
EDR149285,"phallus A
SḶ"
EDR149286,venimus
EDR149287,"Vale Issa
Fabia"
EDR149289,Quinti Hortensi
EDR149291,Scutularius cum Africana hac
EDR149292,Prima cum Spartitundiolo modo hac
EDR149293,Prima
EDR149295,Pyramus Euhodus
EDR149296,Habito suo salutem salutem
EDR149300,CCCLXXXVI
EDR149301,CCCLXXXII
EDR149302,"IIIIIIIIIIIIIIIIIIIIIIIIIIIIIIIIIIIIIIIIIIIIIIIIIIIIIIII
IIIIIIIIIIIIIIIIIIIIIIIIIIIIII  IIIIIIIIIIIIIIII
IIIIIIIIIIIIIIIIIIIIIIIIIIIIIIIIIIIIIIII"
EDR149304,"Amandus
Amandus"
EDR149323,"Duobus
Fabii"
EDR149324,Proculus
EDR149325,"Priscus caelator
Campano
gemmario
feliciter"
EDR149331,"Procule
Postumi vale"
EDR149332,Lucciae
EDR149333,"Melisse vale
hac"
EDR149334,Καλω
EDR149335,Sabinus
EDR149337,"Spes
assibus II"
EDR149338,"Ianuari
lingis mentulam"
EDR149343,"Phosphorus
hic futuit"
EDR149344,Vesbinus Vesbinus
EDR149345,"Epagathus fututor
II  C centuria?"
EDR149403,Poppai
EDR149404,Reus
EDR149405,"Pompeianis
feliciter feliciter
Faustinum viginti
rogamus"
EDR149406,Iuliae
EDR149434,Augustus
EDR149447,Cadia
EDR149448,clim
EDR149449,Fructus
EDR149450,Fructus
EDR149451,Fructus
EDR149452,"hic ego cum veni futui
deìnde redii domì"
EDR149453,"Bellicus hic futuit quendam
luculentissime futui"
EDR149511,Neroniane
EDR149512,Tum
EDR149513,"palma
palm frond"
EDR149973,"Phoebus
bonus fututor"
EDR149974,Hyginus cum Mẹṣsìọ hic
EDR149978,Iarinus
EDR149983,Syneros
EDR150009,"Συνέρως
καλὸς βινεῖς"
EDR150010,"phallus rationem mi cum ponis
Batacare te pedicavero
ana"
EDR150187,Manius Valerius
EDR150188,"Quartio
VIII"
EDR150296,"figurae duorum gladiatorum, alter retiarius est cum fuscina; alter cum hasta et fortasse cum fuscina armatus est"
EDR150297,figura gladiatoris cum galea ac fortasse scuto
EDR150368,Lucius Annius
EDR150369,Beronice
EDR150370,"Fronto Planì
ḷingit cunṇum"
EDR150376,"Victor cum Attine
hic fuit"
EDR150386,Si quis
EDR150388,pinxit
EDR150397,casulae frons cui et ad d. et ad sin. palma adiecta est et cuius portam quadrupes petit qui cornibus longis in cervi modum praeditus esse videtur
EDR150399,Luci Aviani votum
EDR150494,Fortunata fellat
EDR150499,"Victor
valeas qui bene
futuis"
EDR150500,Ἑρμῆς
EDR150501,Rusatia
EDR150503,Severu us
EDR150504,Sisininus
EDR150505,"fellas
Fortuna sic"
EDR150506,Placidus hic futuìt quem voluìt
EDR150507,"Lucrio

Sarnensis"
EDR150761,hermas virorum duos ad sin. conversos
EDR150762,virorum facies duas
EDR150776,Proculi
EDR150777,"Amore tuo morior  amate
 amantem"
EDR150778,pereo vita in amore
EDR150780,Vita amo te
EDR150782,Venustus
EDR150783,Amante
EDR150787,Lucius Ninnius
EDR150860,"Satyr hic
fuit
Ionice vâle"
EDR150874,Sua vox
EDR150875,Amaranthus
EDR150876,Colonius
EDR150877,Nonius
EDR150878,Romanus homo
EDR150907,Πέτρω
EDR150960,Roma
EDR150963,scribis
EDR150969,vale
EDR150971,qui
EDR150974,"Menander
Salve"
EDR150988,Titus  Verrius
EDR150990,viri caput ad sin.
EDR151037,"Myrtale
Cassacos
fellas"
EDR151039,Λιβερᾶλις
EDR151041,Ver et Anedia
EDR151042,"Myrtale
CCassa"
EDR151043,Ampliatus
EDR151047,"Myrtis bene
fellas"
EDR151048,"bene
valeas qui bene futues"
EDR151049,Fortunata fellat
EDR151051,irrumo sed
EDR151052,Nice fellat
EDR151053,fụạṭ asses II
EDR151054,S
EDR151055,Romanus
EDR151056,Ver
EDR151057,centum sex
EDR151058,nonaginta novem
EDR151059,"he
he
hac"
EDR151060,Synethus
EDR151061,Caius cum I
EDR151062,Synethus
EDR151063,"Synethus
Faustillam
futuit
ubique rite"
EDR151064,cor iṣ
EDR151065,Castrensis
EDR151066,quis
EDR151068,Myrtis fellatrix
EDR151069,Mur
EDR151070,"Victor
ḥạec"
EDR151071,Scaudì
EDR151072,Marci Aniceti
EDR151159,incalaṿit
EDR151331,Rufilla fellat
EDR151332,Modestus
EDR151334,"Hermaịscus invictus hac
gladiator galea, manica, ocrea, gladio brevi, et scuto armatus; ad dextram, duo homines"
EDR151335,Quidam cum legeret
EDR151338,Isochryse puer Natalis verpa te salutat
EDR151339,"Mᾶρκος
M
Mᾶρκος"
EDR151340,Narcissus
EDR151341,Asiaticus
EDR151342,Vetti Vere amator coctor
EDR151343,Crescens
EDR151345,Romanus
EDR151346,Veneria
EDR151347,"Sicule Castrensis
Chrysaspsis"
EDR151348,"Verus hic ubi stat
nihil  veri"
EDR151349,Vitalis
EDR151415,"Venimus
huc cupidi
multo
magis
ire   ut
liceat
nostros
visere
Roma Lares"
EDR151417,Nicanor ovas
EDR151579,"A I I sextans C
I semis semis I
C uncia I
sextans semis"
EDR151584,"P I semis semis triens sicilicus I V
W  K semis F semis semis"
EDR151588,semis uncia X X I I
EDR151592,P XIX semis semuncia
EDR151596,Campanus
EDR151597,Ca
EDR151599,P  XVII semis uncia sicilicus III
EDR151668,"Rete vale
phallus"
EDR151677,Clodiae
EDR151679,Lachi
EDR151680,Aris S
EDR151681,Crescentis locus
EDR151682,"Νουμει
Q S"
EDR151683,Vidi
EDR151684,Publius Caselicius Canus
EDR151687,Texentis Erati locus
EDR151688,Vos fortunati
EDR151689,Ἀτίμητος
EDR151690,cinaedus
EDR151691,Tiburtinus locus
EDR151692,"Athenais aeris  II
Sabina aeris  II
assibus IIsemis"
EDR151693,"Salutem
murmillones"
EDR151694,Lollius
EDR151695,Tiburtinus locus
EDR151696,Ịụṇiae Primạẹ
EDR151698,Gloriose vale
EDR151700,"hominis figura
Εἰσιτύχη σώζουσα"
EDR151701,"hominis facies
Vespasius"
EDR151702,"Verna Vernionis
Secundus
Secundus"
EDR151704,Antonius Rustio salutem
EDR151705,"Si tibi cụ
gladiator
gladiator"
EDR151706,Lucius Quatius Sabinus
EDR151707,"Phosphorus tuis
choreis"
EDR151708,Πόλοc ἀπ
EDR151709,Phosphorus tuis choreis
EDR151710,Restituta tuis choreis
EDR151712,Memor
EDR151714,Mulus hic muscellas docuit
EDR151715,"opocarpasum
batrachium
hyoscuimon
cicuta"
EDR151716,Iulius Quintus
EDR151717,Restituta tuis chorẹịs
EDR151718,"Nicerate ana succula
quae amas
Felicionem
et ad portam
deduces
illud
tantum
in mentem
habeto"
EDR151719,Veteri
EDR151721,Κυπαρίνη
EDR151722,Quintinus
EDR151723,"Διονύϲιοϲ
opto te"
EDR151724,Eros Spleia
EDR151725,Eros Pleia Apeleis signa duo Familia gladiatoria Pomponi
EDR151726,Calidius Neronianus III
EDR151728,Firmus
EDR151730,"renibus hic
Corvenius"
EDR151731,Apri
EDR151732,Onesimus
EDR151733,Clemens
EDR151734,Fortunatus
EDR151742,"Cum quidạ
prora navis infra titulum"
EDR151743,"Euhodia
hominis caput prospiciens alto petaso induti supra scriptum"
EDR151748,β κομμόϲ
EDR151750,Dexter vicit
EDR151751,"Decimi Vibi 
arbor, foliosa palma"
EDR151752,Mendax
EDR151753,Mendax veraci
EDR151754,Mendax veraci salutem
EDR151755,Mendax veraci ubique salutem
EDR151756,"τρέχε
ταχύϲταχίϲτην"
EDR151757,"Rufilla domina
mamillae"
EDR151759,"Κυπαρίνη
 
 
ψωλή
Χ"
EDR151761,II denarii III III
EDR151762,denarii XXI
EDR151763,τὸν Μύσιον
EDR151764,Canities
EDR151765,Ἀθηνόδωρος
EDR151766,Biṭhynus
EDR151771,Non pos
EDR151772,Cissus
EDR151774,Ἁρπορκρᾶς
EDR151775,Anicetus
EDR151776,"Secundus
fellator
rarus

ira"
EDR151777,Liberalis
EDR151779,Amantes ṾṬỊỊ
EDR151780,"Severus
Severus"
EDR151781,Ibi et tu es
EDR151782,Fructus
EDR151783,Caius
EDR151785,Ampliatus
EDR151786,"Felices homines  valete
felices"
EDR151788,λοχώ εἰμι
EDR151789,"Mansuetus provocator
victor Veneri parpalmam feret"
EDR151790,"Κέλϲα Lucii liberta
XIX"
EDR151791,"Sabinus
de qsuino"
EDR151792,Ἐπαφρᾶ
EDR151794,Pompeìanus
EDR151795,Pompeìanus
EDR151796,ìnquid
EDR151797,Antus ψωλή Q
EDR151798,Armaturiis
EDR151799,Leontine vale
EDR151800,S nequam
EDR151801,Mus
EDR151804,Saeculares
EDR151805,Samellius
EDR151806,II CIII V
EDR151807,Cladus
EDR151808,Corinthus
EDR151814,Decus
EDR151816,lagoenas
EDR151818,Mansi solus ex senatus consulto
EDR151820,Polycarpus
EDR151821,Pales
EDR151822,"Vasileus habitat
Puteolis in castris Augusti
sub Valerio"
EDR151825,Successus
EDR151828,Memor
EDR151829,Myrine mari
EDR151831,"Quaesivi hic facias res serva omnes res tuas  quem noli nobis iunge neque servabo
ne quis ius luminum salvum"
EDR151832,Helene
EDR151835,Est res
EDR151836,Narcissus
EDR151839,R
EDR151840,Hermeros Severus
EDR151843,Hermes Cinnamus
EDR151845,Sabinus
EDR151847,"corona phallus ad sin. versus corona
VI Kalendas Septembres mansimus
Pompeis"
EDR151851,"Rusticus
Rusticus"
EDR151854,Anumrub
EDR151859,Caius
EDR151863,Caius Hostius
EDR151864,Romulus
EDR151865,tres lineae aequae
EDR151866,Onesimus
EDR151867,"Vinum acceptum
ab domino VII Idus Apriles"
EDR151868,"Aquaria dua cum basis
Aquaria in manus dua cum basis
Hamas duas cum basis
Aquaria in manus cotidianu I
cum basis
urceolos duos
Candelabra quattuor
et lucubratorium unum
Lucernam aeneam
Hamulam unam
Pelvis cum basim
et luterem
Gutos tres
Scapheola dua
Ferreas strigi"
EDR151869,"Augusto
feliciter"
EDR151872,Quintus
EDR151873,socio
EDR151874,"circulus duplex IIIII
XX
XX
X"
EDR151876,XXX
EDR151877,"Spedio Antymo 
redibis e Pompeiano
a Colono salutem
est augustalis"
EDR151883,Cum LVḄ
EDR151884,Ἑρμίας
EDR151886,Sacomata XX
EDR151887,Philippus
EDR151888,Marcus
EDR151890,"salutem morieris Tomi
Feliciter"
EDR151891,Iusto feliciter
EDR151892,Cosmus castus
EDR151894,"Artorius
 II III"
EDR151896,Fatuus
EDR151897,"V Βομβύκιον
fellat"
EDR151898,Flavia Θ lingis
EDR151901,decembr
EDR151910,Quintus
EDR151912,"Διόφαντοϲ


Ἄδωνιϲ
Ἡλιόδωροϲ
Ἀρτεμῆϲ
Διογένηϲ
Βαύδανοϲ
Ἀπολλόδωροϲ

Ἀπολλώνιοϲ
Ἐπάγαθοϲ"
EDR151920,Soles
EDR151921,A  XXXI
EDR151926,Κίνναμοϲ
EDR151936,Florus
EDR151939,ave
EDR151940,Amandi
EDR151941,Osculo
EDR151943,Ve
EDR151946,Sabinus
EDR151947,Caustulus
EDR151948,Rẹmmius Rufus
EDR151953,"καλός Paris ipse
Septentrio"
EDR151957,Εὔπλουϲ
EDR151965,I
EDR152008,homo galeatus
EDR152013,Hermeros
EDR152017,"Africanus moritur
scribit puer Rusticus
condiscens cui dolet pro Africano"
EDR152815,Rare lali omnes a
EDR152929,Hilarus
EDR152930,"deliciae
 tangere possem
 aquas"
EDR152931,"CabΣαβίνιο
S S retrogradum"
EDR152962,"Ἄρτος
signum incertum"
EDR152963,XX IIIIIIIII
EDR152964,"Kalendas Augustas
Nonas Aprilis
Atinas"
EDR152999,Quartu
EDR153000,Moderatus
EDR153110,Quintus  Antus
EDR153111,"Phoebus
aegrotes"
EDR153151,Albinus
EDR153355,"Qui  se tutari  nescit  nescit  vivere
Minimum  malum  fit contemnendo  maximum"
EDR153356,Vidimus
EDR153485,Numini
EDR153487,"Venimus
venimus
hoc cupidi
multo magis ire cupimus"
EDR153613,"Iuliam
ad dom"
EDR153615,LXXII
EDR153740,Amethyste vale
EDR153741,Chie
EDR153742,"Silentiolus
nomen SILENTIOLUS in forma navis scriptum"
EDR153743,"Silentiolus
nomen SILENTIOLUS in forma navis scriptum"
EDR153800,S IIIII
EDR153849,Ursi me comedant
EDR153850,Semis C Y mille Semis Semis
EDR153851,Ultas
EDR153852,mille mille
EDR153853,Ursi me comedant
EDR153854,M
EDR154043,"Septembres
III idus pro tunica denarius I asses VIII"
EDR154044,"Asas numero LXI 
Anaticulas  numero  CXXVI"
EDR154045,Tiberius Claudius
EDR154046,veniat
EDR154047,Cunei
EDR154092,"cunei XXIII
Asseres XV"
EDR154177,"nuces  biberes  
singula III
Panem III  LI 
ofellas III  XII 
thymatula IIII  VIII"
EDR154179,"Duo sodales hic fuerunt et cum diu malum
ministrum in omnia haberent
nomine Epaphroditum vix tarde
eum foras exegerunt
Consumpserunt persuavissime cum futuere sestertii"
EDR154185,"Apelles cubicularius
cum Dextro Caesaris
pranderunt hic
iucundissime et
futuerunt simul"
EDR154186,"Apelles Mus cum fratre Dextro
amabiliter futuimus bis
binas"
EDR154189,Euhodus
EDR154190,Mortuus
EDR154368,"Fusci Cilix
Cilix"
EDR154369,XII
EDR154370,VIII kalendas Iulias
EDR154371,Salarius glaber  Laviniam futui
EDR154372,Caetronius
EDR154373,Urso
EDR154421,VII asses III
EDR154423,S IIIIIIIIIIII XX
EDR154429,Urbane vale
EDR154430,omnibus Salinensi
EDR154431,Modesti
EDR154432,Phyl vale
EDR154433,"Vitalio
pedica ut comatus
Urosacula
Syrus
Foliatus"
EDR154434,"Longinus IV Idus Iulias
Iulias accepit vim hilare
Sturnus amator"
EDR154437,IIIIIIIIIIIIIIIIIIIII
EDR154439,IIIIIIIIIIIIIIIIIIII
EDR154440,IIIIIIIIIIIIIIIIIII
EDR154441,IIIIIIIIIIII
EDR154442,IIII
EDR154443,IIIIIIIIIIIIIII
EDR154444,"Omnes
XXXI"
EDR154445,"IIIIIIIIIIIIIIIII
 III"
EDR154446,IIIIIIIIIIIIIIII
EDR154500,"Maior vale
Maior vale
 VIII"
EDR154533,Anicete Paris valete
EDR154534,Echio  vale
EDR154535,Luci Acti vale Mystice mus comici Icui  pro  te fuimus
EDR154538,Feliciter Proculo
EDR154539,"Vinicius
Florus
Paris
Caius Messenius"
EDR154540,Careius
EDR154541,phallus
EDR154542,feliciter
EDR154563,Vale vale
EDR154566,"exempta
stercora
assibus XI"
EDR154567,quattuor
EDR154568,"pisu
 ne
quinque"
EDR154569,"Casium et
tres  habes"
EDR154570,Quant
EDR154571,lusor
EDR154572,Iustus
EDR154573,cinaede
EDR154574,"III nonas Maias
VII idus periit"
EDR154575,Lasius cinaedus
EDR154576,"trama
pondo IX
stamen
pondo VII
VIII"
EDR156776,vir baculo nixus
EDR156779,Ave Fausta salutem
EDR156782,caput gladiatoris ad sin. versum et galea armatum
EDR156980,"Sabina
Sabina"
EDR156981,Kalendas III Iulias
EDR156982,Paris
EDR156998,"Mortuus
Hercolanius"
EDR156999,"Hic situs
Suellius"
EDR157024,"Mortuus
Deius"
EDR157025,Aulus Memmius
EDR157040,Hymnus
EDR157794,"Caius  Cominius Pyrrichus  et
Lucius  Novius  Priscus et  Lucius  Campius
Primigenius fanatici tres
a pulvinar Synethaei
hic fuerunt cum Martiale
sodale Actiani Anicetiani
Sinceri  Salvio sodali feliciter"
EDR158675,"Suspirium
puellarum"
EDR158823,phallus
EDR158824,phallus
EDR158840,"Admiror o paries te non cecidisse ruinis qui tot
scriptorum taedia sustineas"
EDR158841,"Ad admiror paries
te non cecidisse
 ruina"
EDR158845,candida me docu
EDR158846,candida me docuit nigras
EDR158847,candida m
EDR158848,candida me docuit
EDR158849,"Candida me docuit nigras odisse
puellas odero si potero si non
invitus amabo"
EDR158850,"Candida me docuit nigras
odisse puellas odero si potero si non invitus
amabo
scripsit Venus fisica Pompeiana"
EDR159381,Venimus h huc cupidi multo magis ire cụpimus
EDR159382,Venimus
EDR159408,Venimus huc cupidi multo magis
EDR159410,Venimus huc cupidi multo magis ire cupimus
EDR159411,"Venimus huc cupidi multo magis
ire cupimus"
EDR159412,Venimus huc cupidi scribit Cornelius Martialis
EDR159413,"Venimus huc cupidi multo magis ire cupimus
sed retinet nostros illa puella pedes"
EDR159439,"psittaci, ut videtur, figura"
EDR159441,hominis facies
EDR159522,Venimus hoc cupidi multo magis
EDR159558,"Venimus hoc cupidi multo magis ire
cupimus"
EDR159559,"cupidi multo magis
cupimus"
EDR159564,Ursi me comib
EDR159667,conticuere
EDR159669,Conticuere
EDR159670,"Conticuere omnes
omnes
intentiqụe S"
EDR159671,"Conticuere omnes
 Siqua
 quatit"
EDR159672,"conticuere
omnes"
EDR159673,Conticuere
EDR159675,conticuere
EDR159678,Conticuere omnes
EDR159681,Conticuere omnes
EDR159685,canticuere
EDR159687,"Primigenius  Mystes Communi suo salutẹ ṿịdisti quo Turnum aequoribus ibat in armis
  virtutis merces palmam pretium gloriae victoriae spem causas"
EDR159688,Tu dea tu presenos praesens nostros succurre labori
EDR159689,quos ego sed
EDR159690,"qụisquis es amissọṣ hiṇc iam obliviscere Graịọs
Scribit Narcissus"
EDR159691,"Nec prius
absistit quam
septem ingentia
victor corpora
fundat humi"
EDR159692,"certe hinc Romanos olim
volventibus annis"
EDR159694,arma virus
EDR159695,arma viru
EDR159696,arma virumque
EDR159697,arma vir
EDR159772,"Στρατόνικος
StraStratonicus
scripsit"
EDR159773,Debere
EDR159777,"Vinum asses III
 VIII
 denarius V semis
Capitoni
Nigro denarius V"
EDR159778,"Misit  iterum
agnas s
o simplex cima
nempius"
EDR159781,arma vir
EDR159783,"arma virumque
 qui primus

virumque  virumque"
EDR159784,"Qui primus
V"
EDR159785,arma vir
EDR159786,Arma virumque
EDR159866,caput viri barbati
EDR159867,facies
EDR159868,duae lanternae?
EDR159869,navis oneraria
EDR159880,caput viri galeati
EDR160123,Aeneadum genetrix
EDR160124,Aenead
EDR160125,Aeneadum
EDR160126,Aeneia nutrix
EDR160127,Aeneadum
EDR160128,Aeneia
EDR160129,Aeneia
EDR160130,AeneadC
EDR160149,"ductores
Danaum"
EDR160160,"carminibus
Circe socios
mutavit
Ulixi"
EDR160163,Carm
EDR160164,Corusticus
EDR160165,Rusticus
EDR160166,Rusticus ẹst Corydon
EDR160168,Si pudor quis
EDR160169,CoriCorydon
EDR160228,"Dic mihi
Damoeta"
EDR160232,"Severus
Mille meae Siculis errant in montibus agnae"
EDR160281,Antenor potuit
EDR160282,"Occasionem nactus non praetermisi tibi scribendi ut scires me recte valere
Antenor potuit mediis elapsus Achivis Illiricos penetrare sinus Appulit"
EDR160283,Barbarus aere cavo tubicen dedit horrida signa
EDR160313,"Vade
age nate
vocas ZeZephyros"
EDR160320,"Communemne nummum dividendum
censio est nam noster nummus
magnam habet pecuniam"
EDR160322,Communem
EDR160323,Communem
EDR160326,Communem
EDR160327,"communem
communem nummum 
co"
EDR160333,vidisti quo Turnus equo q
EDR161342,Pauper
EDR161390,Pauper
EDR161742,"Propero vale mea Sava
fac me ames"
EDR161769,Tertiani hic habitarunt  verpa vale
EDR161789,Micci
EDR161819,Aulum Trebium aedilem dignum rei publicae
EDR161820,Maximus
EDR161821,Venus Venus
EDR161822,Praefecto Caesaris
EDR161823,scripsi Venerem Poppaeae Triquinias
EDR161824,"Primigenia
multa"
EDR161825,Maximus
EDR161826,Vitalis
EDR161836,"Θ
mortuus
Caerulus
Nonas
postridie Nonas"
EDR161837,"mortuus

posteru postridie Nonas"
EDR161910,Faustus
EDR161911,Marcus Aquis Faustus
EDR162634,Dos δὸς πυγίσαι
EDR163351,"sextans semis
 quadrans semis uncia"
EDR163395,Romanus
EDR163397,"Felix V
Ɔ C"
EDR163399,Lucius
EDR163400,Telesius
EDR163402,"Successa verna assibus V
bellis moribus
corona A P palma"
EDR163403,Successa
EDR163404,Balai
EDR163405,"Hic ego bis f u futui
formae"
EDR163524,Duobus
EDR163525,Roma
EDR163526,Samatissa
EDR163527,Sarnus
EDR163528,"L N F
C"
EDR163529,Romanus
EDR163530,Musicus quod bibere optat
EDR163595,Titius  Diogenes tuque  VI
EDR163597,Rufus
EDR163598,Ampliatus
EDR163599,Daphnicus cum Felicula sua hic
EDR163600,cum Frontone
EDR163601,Fronto
EDR163602,"Ampliatus
Martialis
Ianuarius
Onesimus
Iustus"
EDR163603,Venerandus
EDR163604,"Curiosus Vitalio
S A B"
EDR163605,Ianuarius
EDR163606,"Rusticus
Rufina"
EDR163695,Circius
EDR163696,Mebi venio
EDR163697,Paris vale
EDR163698,Phyllis fellat
EDR163701,Menander
EDR163702,Felicula verna assibus II
EDR163703,"Menander
bellis moribus
aeris assibus II"
EDR163704,Licintus
EDR163853,phallus
EDR163882,"Quartilla
Fuficia
 co
filia"
EDR163883,Quati
EDR163886,"III
XX  XXV  XXVIII"
EDR163887,"VIII
IIIIIIII"
EDR163888,IIIIII
EDR163889,Marcus Caes
EDR163891,"Pelias
Alcestis"
EDR163892,Rufini cubiculum s
EDR163893,"Rru
Rru"
EDR163894,"Quorumc
Primuis"
EDR163895,M
EDR163896,Clleri Cllerigenes
EDR163899,"Mimus

βινεῖς
animal"
EDR165177,Φιλῶ ἧς ἀριθμός
EDR165178,"Ἀμέριμνος ἐμνήσθη ἁρμονίας τῆς εἰδίας κυρίας
επ"
EDR165179,nomen
EDR165180,ἐμνήσθη Θεόφιλος Βερόης επ
EDR165199,ἧς φιλῶ ὁ ἀριθμός
EDR165330,Ζώσιμος Ψ Θ Σ
EDR165346,"Ἐμνήσθη Πρειμογένης  publicus Καίσαρος
Ο Ε
Ἐμνήσθη Πριμ"
EDR165529,"hominis figura
Ἰσιτύχη σώζουσα"
EDR166065,IIIIIIIII
EDR166066,IIIIIIII
EDR166067,XX
EDR166069,IIIIIIIIIIIIIIII
EDR166070,IIIIIIIIIIIIIIIIII
EDR166071,IIIIIIIIIIIIII Ì IIIIIIIIIIIIIIII
EDR166072,IIIIIIII
EDR166073,IIIIII
EDR166074,IIIIIIIIIII
EDR166075,IIIIIIIIIIIIIIIIIIII
EDR166076,IIIIIIIIIIIIIII
EDR166078,IIIIIIIIIIIII
EDR166079,V
EDR166081,IIIII
EDR166083,XII semis
EDR166084,V
EDR166085,VI
EDR166086,IIIIIIII
EDR166087,"IIIIII
VIII III"
EDR166088,IIIIIIIII
EDR166089,VI
EDR166090,VIII
EDR166092,XXII
EDR166094,"XVI
XXI"
EDR166095,XV
EDR166097,semis
EDR166098,XVIsemis
EDR166099,XII
EDR166493,"Tertiani
Hic habitaverunt
Rufa ita vale quare bene fellas"
EDR166496,Clavos LXXXVII
EDR166616,Russa vale
EDR166750,Antonius
EDR166751,Felix
EDR167047,irrumat
EDR167048,Caius Ovius
EDR167049,Faustus
EDR167050,Mucius
EDR167051,rogo te
EDR167052,Caius Ovius
EDR167113,S  CCC
EDR167114,Blastus
EDR167115,"Caius Alleius Astragalus
 curator
fuit  Nonis Decembres usque ad
 Eidus Decembres Marco Agrippa Tito Statilio Con"
EDR167186,"O curatores Nuelas et Barnaee ne vos essetis viri boni si commeatum 
 ad tempus daretis nam semper negatis    N
 Pan tibi  et    nunc  num"
EDR167311,animal ad sin.
EDR167335,Lucius Acutius
EDR167373,"VI
 VII"
EDR167392,"Lucius Acutius Lucii filii
Voltinia Rufus
Magister"
EDR167398,Lucius Antonius
EDR167399,Quintus Antonius Magister
EDR167403,Publius
EDR167404,"Δεργιαχαι
καντρια"
EDR167406,Hermulus
EDR167407,Anthus ἄπαις
EDR167408,"E
B"
EDR167410,galea gladiatoria ad sin.
EDR167411,quadrupes ad. d. erectus
EDR167412,taurus ad d.
EDR167413,navis velis et rudentibus et gubernaculo instructa
EDR167414,caput hominis ad sin.
EDR167424,"Ceacli  C
Sex  C XXV C
Valer  XXV XXV
Secun  LXXV LXXV
Amon  L  XXV
Sitio  
Scava   
Sedulatus  
Hispanus  
Iutto  L  L"
EDR167425,Proculus
EDR167427,"Pitamnus
Marc LI"
EDR167428,"Sexvir
ego quos
Pompeiis"
EDR167430,Quem
EDR167431,gladiator ad d. armatus
EDR167439,caput hominis ad sin.
EDR167440,caput hominis ad d.
EDR167441,caput hominis ad sin.
EDR167445,gladiator
EDR167446,gladiator ad d. galea scuto subligaculo ocreis armatus
EDR167447,duae aves ad sin.
EDR167451,herma prospiciens
EDR167453,caput hominis prospiciens
EDR167471,gladiator prospiciens sica et scuto armatus
EDR167472,avis externa in arboris ramo stans
EDR167476,gladiator ad d. armatus
EDR167477,caput hominis ad sin.
EDR167478,herma ad sin.
EDR167479,herma ad sin.
EDR167481,"duae aves oppositae, ciconiae?"
EDR167482,Quisquis amat
EDR167487,caput et artus anteriores equi ad sin.
EDR167489,caput hominis ad sin.
EDR167490,caput hominis ad sin.
EDR167491,caput hominis ad sin.
EDR167492,caput hominis ad sin.
EDR167498,tropaion?
EDR167499,avis in saxo stans
EDR167500,caput et umeri hominis ad sin.
EDR167501,avis? ad sin.
EDR167502,caput hominis ad dext.
EDR167503,duo capita hominum ad sin.
EDR167504,Mus vale
EDR167505,eius
EDR167506,Persi
EDR167507,"VII Idus Septembres
Quintus Postumius
rogavit
Aulum Attium
pedicarem"
EDR167536,"Auctus
Popidi ubique"
EDR167537,"Ceio
et multis pupa
venusta"
EDR167540,"Ser  L
Ammonium  LXXV
Vale  XXV
Vetio  CL
Iulium  LXXV
Lucium Plotium  C
Sex  L"
EDR167541,caput gladiatoris? ad d.
EDR167542,"gladiator armatus, thraex?"
EDR167544,caput hominis ad sin.
EDR167545,bellissimus
EDR167546,"Λυκρίων
πυγίζει"
EDR167547,caput hominis ad sin.
EDR167548,clipeus oblongus
EDR167549,scyphus
EDR167550,caput hominis ad sin.
EDR167551,Ἔρως
EDR167552,Ἔρως
EDR167574,Pompe
EDR167575,ἈλέξανδRος
EDR167583,palma  M
EDR167610,Caii Asini Proculi
EDR167611,Manilius
EDR167615,avis ad d.
EDR167618,"C 

P"
EDR167619,"Apsyrtus
ValentValentinae ubique"
EDR167630,"Quartio
Stratus


Marcus Licinius
Saturninus"
EDR167649,Rufus
EDR167650,Primus
EDR167651,MV
EDR167654,Vale
EDR167661,"gladiator galea cristata, scuto sicaque armatus et fasciis subligaculo ocreisque indutus"
EDR167662,"Nasso Fadius
caput viri barbati ad sin."
EDR167663,caput viri ad sin.
EDR167664,duo capita gladiatoria? galeata
EDR167665,caput viri ad sin.
EDR167666,duo capita hominum
EDR167667,vir magnum phallum meientem tenens ad sin. conversus
EDR167672,"caput hominis ad sin.
Syrus
Holconi"
EDR167673,avis ad sin.
EDR167674,avis ad sin.
EDR167675,caput hominis vel galea?
EDR167676,"R
R
ÂP"
EDR167677,caput hominis prospiciens
EDR167679,"duo scarabei? rotundi, unus ad d. quattuor pedibus incedens"
EDR167680,T S I
EDR167681,"Mândâtus
Mândatus
mûnûs

Ạ
M
M"
EDR167682,figura stans
EDR167683,lineae diversae in imagine scuti
EDR167685,Ratio Marci Ugoni
EDR167686,scutum
EDR167688,R
EDR167689,figura stans
EDR167690,"Sabidia
Abonius"
EDR167691,Quibus
EDR167692,X
EDR167693,figura hominis
EDR167695,Aulus Lịcịṇịus
EDR167696,"Iucundus
male cala"
EDR167698,lineae variae intersectae
EDR167700,gladiatorum figurae
EDR167701,"Lucius Statiụs
Modestus
Quintus Postûmius"
EDR167703,caput gladiatoris galeatum
EDR167704,caput gladiatoris galeatum
EDR167705,caput hominis ad sin.
EDR167706,"venatio, eques ad d. hasta scuto gladioque armatus cervum iaculo vulneratum prosequens"
EDR167707,equus infrenatus ad d.
EDR167708,gladiator cum palma
EDR167709,caput hominis ad sin.
EDR167710,gladiator quasi procumbens
EDR167711,avis parva ad sin. folium carpens
EDR167712,gladiator galea cristata scuto sicaque armatus
EDR167713,galea gladiatoria cristata
EDR167714,caput hominis ad sin.
EDR167715,ante diem III Kalendas Novembris
EDR167716,G
EDR167717,Dasius
EDR167718,"ante diem XI Kalendas Decembres Geryones
trimembres aeris senos
comperendinaverunt"
EDR167722,Seciọlo
EDR167723,Satur
EDR167724,"Romanus
Homulo"
EDR167727,Venis
EDR167728,Valentis
EDR167729,I
EDR167731,IIIIIIIIIIIIIII
EDR167732,Liberalis
EDR167733,"Pittacius
cum
Primigenia
hic
Prima sequere
Volumnius"
EDR167774,navis cum malo et velis et remis
EDR167775,navis cum malo et velis
EDR167776,animal et gladiator?
EDR167777,"venatio, equi venatores pisces et aliae figurae"
EDR167788,"ante diem XI Kalendas Decembres  assibus XV
Epaphra Acutus Auctus
ad locum duxerunt
mulierum Tychen pretium
in singulos asses V fuit
Marco Messalla Lucio Lentulo con"
EDR167806,vir pileatus et figura hominis
EDR167807,caput viri (Herculis?) ad sin.
EDR167808,Equus ad d.
EDR167809,"avis? avis
phallus"
EDR167810,Equus ornatus et infrenatus ad sin. currens
EDR167811,Equus infrenatus ad sin. currens
EDR167812,Equus infrenatus ad sin. currens
EDR167813,Equus ad sin.
EDR167814,equus infrenatus ad sin. currens
EDR167815,animal
EDR167816,equus infrenatus ad sin. currens
EDR167817,"CCC C
CLXXV"
EDR167818,Faustus
EDR167819,qui esse  cur
EDR167820,pedico
EDR167821,O Epaphrodite
EDR167822,equus infrenatus ad sin. currens
EDR167823,caput equi ad d.
EDR167824,Equus ad sin.
EDR167825,equus
EDR167826,quadrupes ad sin.
EDR167827,quadrupes?
EDR167828,piscis
EDR167829,piscis ad d.
EDR167830,duo pisces ad sin. conversi
EDR167831,carina navis
EDR167832,navis
EDR167833,navis oneraria merces vehens et velis remis et rostro instructa
EDR167834,navis cum malo velis remis et gubernatore
EDR167835,Faustus
EDR167838,navis cum malo et rudibus
EDR167839,navis
EDR167840,navis cum velis?
EDR167841,navis cum malo velis et remis
EDR167842,navis cum remis et vectoribus
EDR167843,navis cum malo et velis
EDR167844,navis cum malo velis et gubernaculo
EDR167845,navis cum malo
EDR167846,navis cum malo
EDR167856,navis
EDR167857,"gladiator galea cristata, gladio, scuto longoque armatus et subligaculo et fasciis indutus"
EDR167859,duo gladiatores pugnantes
EDR167860,F pedico  V
EDR167861,III IIIIII
EDR167862,Stellio
EDR167863,Acastus
EDR167867,"Primigenia
cum Prima
hic"
EDR167868,Liberalis
EDR167869,"Liberalis
cum"
EDR167870,Dorcas
EDR167871,"Prima
Q
Q
Q"
EDR167872,"Dorcas cum
Sollemne
hic"
EDR167873,"Dorcas
Prima"
EDR167875,"Ro
Ro"
EDR167876,Liberalis
EDR167879,Assibus XIX
EDR167884,"debes
Felicio"
EDR167885,"Felicio
Verus"
EDR167887,"Verus
Asses VI Semis

Verus
Asses III"
EDR167889,"Livius
Verus
X"
EDR167890,Viator
EDR167910,Pṛịṃa
EDR167913,Pier
EDR167915,Lucius Postumius Luci
EDR167944,Cauda
EDR167945,Ἐλεγχία
EDR167946,Lucius
EDR167947,"Publius Cornelius
Faventinus
tonsor"
EDR167951,Mus vale
EDR167953,Omnibus Pompeianis
EDR167954,Anatolii
EDR167955,"Augustalis Pierus Celadus
Papiri  Amandumum
medicavit"
EDR167971,Uxor
EDR167972,"Publius Siculus
Hermia"
EDR167974,"Vẹṭṭịus
cunnum
lingit Opt"
EDR167975,Fortuṇatus
EDR167976,Ɔ Semproni
EDR167987,"Publius Sittiụs
 V"
EDR167989,Secundus
EDR167990,"Lucilius
Lucidae
ubique
 salutem"
EDR167991,"R
XX
XX
XXX"
EDR167996,VI  XI  VII
EDR167998,"Arruntius
XXVII
Assibus"
EDR168001,"VIII VI
VIII
VIII
assibus III
N"
EDR168004,Nicedius
EDR168005,"Ante diem VI Kalendas Novembres praebuit Surus Petilius ornamenta
Marco Fausto Siloni honoris causa Suri liberti"
EDR168020,Postumi quinque centum
EDR168021,Voltini mille
EDR168024,"Lucilius
Lucidae ubique salutem"
EDR168026,Nicephor
EDR168028,III
EDR168029,Lucilius
EDR168031,Quacumque
EDR168036,Salve
EDR168037,Beliatus
EDR168038,III Kalendas Martis
EDR168039,III Kalendas Martis hic scripsi
EDR168040,Mar
EDR168041,"M
Q
Q
Q"
EDR168042,"Felicula
fellas"
EDR168043,"Arma meis adsueta
umeris tibi debita
ponam si mea confirmas prospera vota
Venus Syntrophus
 auget"
EDR168044,Liberalis
EDR168045,"Cuius

Virum Bonum oro vos faciatis"
EDR168046,duo phalli ad d.
EDR168047,salutem
EDR168048,Methe Cominiaes Atellana amat Chrestum corde sit utreis utrisque Venus Pompeiana propitia et semper concordes vivant
EDR168057,et
EDR168067,"figura hominis vestimentis induta, togati?"
EDR168069,taurus capite cornuto ad. d. incedens
EDR168070,figura hominis
EDR168071,"figura hominis ad d., induta palliolo"
EDR168073,figura hominis?
EDR168074,caput ad sin.
EDR168076,navis instructa velis
EDR168077,anser stans
EDR168078,parma gladiatoria
EDR168079,navis instructa velis
EDR168080,rete?
EDR168081,navis velis maloque instructa
EDR168101,"facies partim delineata, nasum et labrum"
EDR168102,gladius
EDR168103,pars phalli?
EDR168104,caput ad sin.
EDR168105,caput ad sin.
EDR168106,figura hominis currens ad sin.
EDR168107,navis instructa velis
EDR168108,navis instructa velis remisque
EDR168109,navis instructa velis
EDR168120,"D
C"
EDR168121,navis malo et prora et aplustri instructa
EDR168124,pars superior navis instructae velis maloque
EDR168125,pars superior navis instructae velis maloque
EDR168126,navis instructa gubernaculo et velis in quibus duo pisces magni et una avis sunt
EDR168127,navis instructa velis
EDR168128,"duae naves, altera ad sin. magna instructa velis, malo, et gubernaculo, altera ad d. parva instructa velis"
EDR168129,navis
EDR168130,"quattuor naves instructae velis, malis, et gubernaculis"
EDR168131,"quadratum lineis variis notatum, vela?"
EDR168132,carina navis?
EDR168133,"variae lineae, alterae directae alterae curvae, vela?"
EDR168134,"pars superior navis, vela et malus"
EDR168135,linea curva intersecta aliis lineis
EDR168136,carina navis et fortasse minor navis supra
EDR168137,turris?
EDR168138,"lineae variae, phallus? vela?"
EDR168139,Paris
EDR168148,l
EDR168149,l
EDR168152,l tm
EDR168154,l
EDR168156,l s
EDR168157,Syncletus
EDR168159,rubenses rub
EDR168160,"VII Kalendas
Primus
VI Kalendas
Felix
V Kalendas
Germanus"
EDR168161,"XII Kalendas Ianuarias
Primus Felix
XI Kalendas
Germanus
X Kalendas Felix
IX Kalendas Felix
 Kalendas
Germanus
VII Kalendas 
Germanus"
EDR168166,l
EDR168167,l ʾnʿm bn
EDR168168,l
EDR168169,caput hominis ad sin.
EDR168178,l s
EDR168179,l
EDR168185,IIIII
EDR168194,LXX
EDR168236,Cloulius
EDR168237,phallus ad dext.
EDR168282,Suavis
EDR168287,"Hic
III"
EDR168288,"Pondo XXIV

Mopsus"
EDR168292,"Amicus ave
Umbricia"
EDR168293,"Genialis cum
Thelone"
EDR168296,Luci Pomponi
EDR168303,"Suṃ
Q Vesuvius"
EDR168304,P
EDR168305,Paris ṿale
EDR168347,"Auctus
Auctus
Vectiga"
EDR168348,Quovis
EDR168349,Roma
EDR168350,III
EDR168352,XIII
EDR168353,IIIIIIIIIIIIIIII
EDR168354,"cigrotue
ab 
m vole
VIII"
EDR168356,Feliculae salutem
EDR168357,Iucundus
EDR168358,"Marcus Magonius
Vesbinus"
EDR168362,"Anthus
Cossini"
EDR168365,puella Mula
EDR168366,"R

M"
EDR168479,Hic iudices
EDR168480,"Ti comnis
olithus
rectus"
EDR168481,"VI Kalendas Felix
VII S I C I I I I"
EDR168483,Sexto Burrenio salutem
EDR168484,"I S dequi
animal
tria hominum capita cervus"
EDR168485,Euma
EDR168486,locus est Rufinae
EDR168487,Fortunate
EDR168489,"S
CX"
EDR168515,Pyrrichus est   nec
EDR168630,Καί μιν ϕωνήσας
EDR168631,Innocens
EDR168632,Non sum no nocens
EDR168634,"Natali
nana
Natalis
Natalis
cinaedus est
Nata ixs"
EDR168635,kalendas Iulias
EDR168637,"Mo
Modestus"
EDR168638,Ante
EDR168640,"Staphìlus hic cum
Quieta"
EDR168641,"Staphìlus cum
Quieta"
EDR168642,Tiberii Claudi Caesaris
EDR168646,"quisquis amat valeat pereat qui
nescit amare bis tanto pereat
quisquis amare vetat"
EDR168647,Nero quis n
EDR168648,Vesbine caupo vale
EDR168703,venì scripulum
EDR168704,X CLXXV
EDR168752,Ionicus
EDR168753,Aphrodite ipsa
EDR168754,Euche ipsa
EDR168756,"Cerialis
Euche"
EDR168758,Successus
EDR168759,"Homini
M C M"
EDR168760,Accipe Mars vecors
EDR168905,Numerium Com
EDR168906,Marcum Sindium
EDR171212,caput viri ad sin.
EDR173452,vale
EDR173485,"iuvenis
Mnester vale LVII XVII
XXI
 navis LXVII LXXX"
EDR173488,Restituta rogo II
EDR173489,"M
Malianus"
EDR173490,Mnester vale
EDR173491,Mnester vale
EDR173492,"Castrensis vale
Castrensis vale
calos  Acti
Castrensis vale
Anicete vale"
EDR173499,Acti Castrensis vale Anicetiaaniane
EDR173705,circulus cum circino tractatus
EDR173785,"herma, ad d. prospiciens"
EDR173786,Chloe Acti Castrensis
EDR173899,IIII
EDR174873,Rufus
EDR174880,"Vit
Vitalio valeat carus est
Musicus"
EDR174883,"Regulo feliciter quia verpa est phallus
Reg
Regu"
EDR175116,Victor vale
EDR175118,ab
EDR175144,"Castor
equus"
EDR175145,Venimus
EDR175146,denarius I asses X
EDR175147,Lucanica
EDR175148,Lucanica IIII
EDR175159,DII LX
EDR175161,Fora
EDR175165,Caius Concessus
EDR175166,Crescens
EDR175167,Augustus
EDR175186,"X
C
I
X"
EDR175189,"bellissimum
futuerunt"
EDR175190,"Glagus
Gl"
EDR175198,"θεοδόμητε Μ 
αἰθέριαι πτέρυγεϲ δόλιου"
EDR175216,"silig
habenam
coliculum
betam
mentam
coeloe"
EDR175237,Dominae V
EDR175238,"Domino V VI IIII
Domino V
Severo III"
EDR175239,Quintus
EDR175240,Ἑρμῆϲ
EDR175241,Repentinus
EDR175430,"Augusto
feliciter"
EDR175482,"Suspirium puellarum
thrax
Celadus Octavii pugnarum III coronarum III"
EDR175487,Sabinus sinistrorum Curvio sinistrorum salutem
EDR175508,"Quintus Petronius missus
Octavus  
gladiator fugiens

Severus  vicit
libertus  
gladiator qui alterum illum persequitur"
EDR175571,"Fullo
Crescens
coponi salutem"
EDR175572,"Crescens fullonibus salutem
hic et ubique"
EDR175589,"Successus textor amat coponiaes ancillam
nomine Iridem quae quidem illum
non curat  sed ille rogat illa commiseretur
 scribit rivalis vale
Invidiose quia rumperis sectari noli formonsiorem
et qui est homo pravissimus et bellus"
EDR175590,"Sabine καλός Hermeros te amat palma
Sabine calos  palma"
EDR175600,"anser spectans ad sinistram
Mulviu Mulvi"
EDR175601,"amantes ut apes vitam mellitam exigunt
vellem"
EDR175602,"Amoris ignes si sentires mulio
magis properares ut videres Venerem
Diligo puerum iuvenem venustum rogo punge eamus
Bibisti eamus prende lora et excute
Pompeios defer ubi dulcis est amor
meus"
EDR175604,Arma virumque cano Troiae qui primus ab oris
EDR175605,militat omnis
EDR175727,Eat th
EDR175728,"Idibus Aprilis vas a
a quo Phileros"
EDR175729,"Anaristus
Phoebo
salutem"
EDR175731,"Viabianus
XIII"
EDR175732,"Anteros
bene hic"
EDR175745,Ἐπάγαθοϲ
EDR175749,Epaphra
EDR175753,Eulymen
EDR175754,"ἡ κλεῖϲ τῆϲ ἄρκλαϲ
ἡ  οἱ"
EDR175755,Mario  Mario
EDR175756,Eulymenus
EDR175757,Euplus Euplus
EDR175758,"Rhenus
Rhenus"
EDR175759,Datur
EDR175769,"Hormus
Ho
Hormus"
EDR175770,Μελίβοιοϲ
EDR175771,Phrastes
EDR175772,Marcus  sit
EDR175773,CC CI
EDR175774,C D O E C
EDR175776,XX Heraclae
EDR175777,"V Idus Novembris
Vestia"
EDR175790,"Caius Mateius
Abascantus"
EDR175791,Albanus cinaedus est
EDR175792,Res
EDR175793,"ἔλαβες
παρέχρησας
ἀπήνεγκες"
EDR175795,caput hominis
EDR175796,Receptus
EDR175797,III
EDR175798,Ἀβήϲτιοϲ
EDR175851,"Communis
Clodia sua
domina"
EDR175853,Communis
EDR175854,Φηλεικίων μο α
EDR175856,Cera
EDR175857,Λατογένεια Ἑκάτη
EDR175859,"Palma est posita inter verba et omnia scuto cum hastis inclusa sunt
Bacchis domina"
EDR175860,Cum quidam pauper
EDR175861,Fortunate
EDR175862,"Fortunate linge
culum"
EDR175870,Μελίβοιοϲ
EDR175871,M
EDR175875,Iucundus
EDR175876,Magius
EDR175877,Gallus
EDR175878,"Anicetus
scripsit Isthmus"
EDR175882,DC
EDR175884,"Iusto feliciter et
 Betito et 
 XIII Kalendas Decembris 
 filio   
 
 I"
EDR175925,Liberalis II
EDR175927,Acti vale
EDR175928,Lucius
EDR175929,"Multa mihi curae cum presserit artus
has ego mancinas stagna refusa dabo"
EDR175930,M
EDR175932,"Moram si quaeres
sparge milium et collige"
EDR175933,"Idibus Iulias axungiam pondo CC
alium manipulos CCL"
EDR175942,Sodales avete
EDR175943,Genicius
EDR175945,IIIIIIIIII
EDR175946,VIII semis quadrans
EDR175961,"III




III"
EDR175962,"IIIIIIIIIIIIIIIIIIIIIIIII

IIIIIIIIIIIIIIIIIIIIIII

IIIIIIIIIIIIIIIIIIIIIIIIIIIII"
EDR175963,I
EDR175964,Romanus
EDR175965,"PrimigenPrimigenius

navis

gladiator cum scuto longo, galea, et gladio"
EDR175966,Eutychus
EDR175967,"Ὁ τοῦ Διὸϲ
παῖϲ καλλίκαλλίνικοϲ Ἡρακλῆϲ

ἐνθάδε
κατοικεῖ
μηδὲν εἰεἰσίτω
κακόν"
EDR176044,"V CCXC
V CCCXIII V 
 CC   CCLXX"
EDR176045,"MI VII IV VII VIII
X V X VII VI XI V
VII  III VII VI IX"
EDR176100,Socium
EDR176101,XII
EDR176280,figura hominis currens ad sin.
EDR176281,figura hominis currens
EDR176283,figura hominis currens ad dex.
EDR176284,figura hominis currens ad dex.
EDR176285,figura bucinae
EDR176286,"Suavis
XV"
EDR176287,figura hominis tenens manu sinistra palmam et ambulans ad dextram
EDR176288,figura hominis M figura hominis D
EDR176289,figura hominis figura hominis
EDR176439,"A B
D"
EDR176440,A B C D
EDR176977,Lucretio
EDR176978,qui
EDR176980,Q R B
EDR176983,S P R
EDR177556,Vinicius
EDR177557,IIII IIII IIII IIIII III IIII III IIII IIIII
EDR177558,N XXI
EDR177559,XXX
EDR177565,VIII  IIIIIIIIIIII
EDR177566,"puer
Successus"
EDR177567,Successus
EDR177787,Caius Vettius Firmus
EDR177788,fellat
EDR177790,III Nonis
EDR177791,XVI Kalendas Februarias copo venit
EDR177792,denarius semis
EDR177958,"Gladiator cum tridenti ad sin., retiarius"
EDR177959,capra ad sin.
EDR177960,Protectus
EDR177961,"X
X
X"
EDR178127,I I I
EDR178129,Paris
EDR178234,XXX
EDR178235,IIIII
EDR178236,"navis
navis"
EDR178237,M
EDR178299,"XXX
XX
X"
EDR178300,navis instructa velis; pars alterae navis
EDR178301,Manius Arceus
EDR178304,duo quadrata
EDR178395,Paridi IIIIIIIIIII
EDR178396,Quis es
EDR178397,"Soterichianus
puellis
salutem plurimam"
EDR178398,navis instructa velis navis instructa velis et cum duobus hominibus
EDR178610,Fures foras
EDR178611,Φιλῶ ἧς ἀριθμός
EDR178706,navis velis et remis instructa et cum figura hominis
EDR178707,IIII
EDR178708,navis velis et remis instructa cum figura hominis
EDR178709,Uni
EDR178710,XII XI
EDR178711,X
EDR178713,denarius X IIIIIIIIIIIIII
EDR178791,II
EDR178792,circulus cum circino tractatus
EDR178793,IIIII
EDR178794,IIIIIIIII
EDR178795,VIII
EDR178799,IIIIIII
EDR178801,IIIIIIIIIII
EDR178804,IIII
EDR178805,Asses III
EDR178806,Prima
EDR178807,navis
EDR178808,caput hominis ad sin.
EDR178809,Vobis picta croco
EDR178884,navis cum malo
EDR178885,Mimus Mimus
EDR178886,Manu
EDR178887,undecim lineae (animal?)
EDR178888,Πάρις
EDR178889,Copo
EDR178890,"Vobis
picta"
EDR178891,duo capita hominum ad sin.
EDR178966,Paris
EDR178967,X
EDR178969,navis cum remis instructa et cum figura hominis
EDR178970,carina navis et navis cum remis instructa
EDR179028,A B C D II II G H
EDR179032,A B
EDR179258,Ionaei
EDR179259,Schola
EDR179264,Νατάλιος
EDR179265,Natalis
EDR179266,Natalis
EDR179267,Suavis
EDR179268,"phallus
Πίνυτος"
EDR179269,"cornus
Equillus"
EDR179270,Diadumenus
EDR179271,"Diadumenus
CV"
EDR179274,Η
EDR179282,Μνῆστος
EDR179363,navis cum remis et velis instructa
EDR179365,caput ad sin.
EDR179366,circulus circino tractus
EDR179368,duae naves cum velis
EDR179369,"carina navis
duae carinae navium"
EDR179370,avis ad dext.
EDR179371,IIIIII
EDR179372,IIIIIIIIIII
EDR179373,IIIIIIIIII
EDR179374,Avari agite de cunnis
EDR179375,Acti vale
EDR179376,"Quinquaginta
Arma"
EDR179405,Surrentum
EDR179406,Rusticus
EDR179407,IIII
EDR179408,"Sabine
vale"
EDR179409,S
EDR179410,"Mopse
Mopse"
EDR179411,M
EDR179412,B
EDR179413,φ
EDR179414,M
EDR179415,B
EDR179416,S
EDR179418,A
EDR179419,venatio? aper et bestiarius?
EDR179420,gladiator ad sin.
EDR179421,duae galeae gladiatoriae
EDR179422,IIIIIIIIIIIIII
EDR179423,phallus nascens ab cauliculo?
EDR179424,phallus
EDR179425,"Cacavi et culum non extersi
homo sedens ad sin."
EDR179440,"phallus? Amas Ama
Atimetus"
EDR179441,rhombus palma? caput?
EDR179442,navis
EDR179444,Maxime
EDR179445,M
EDR179448,III
EDR179449,IIIIIIII
EDR179450,DX
EDR179451,X
EDR179453,Nonius
EDR179486,Manu
EDR179487,Quintus
EDR179488,Valerius cinaedus est
EDR179489,Paris
EDR179491,phallus
EDR179492,navis
EDR179493,Caius Iulius Felix
EDR179494,Anthia
EDR179670,Ursa Caprylla
EDR179672,figura hominis cum hasta et iaculo
EDR179674,Ἰουκοῦνδος
EDR179675,Rem
EDR179678,Mens
EDR179679,"circulus circino tractus
circulus circino tractus
circulus circino tractus"
EDR179704,navis cum velis instructa
EDR179709,Ursa Caprilla
EDR179710,"Mustelica
autumat quam
futuis"
EDR179712,XIX Kalendas MCXX
EDR179713,"circuli circulos continentes, circino tracti"
EDR179714,Frauci
EDR179715,Patri perpetuam salutem
EDR179721,Felicío Gallianí Latini servus omnibus Francinianis plurimam perpetuamque salutem Plurime
EDR179752,Ἐρῶ τὸ ζέον
EDR179753,Φίλη verna
EDR179754,Sotericus
EDR179755,"Res mecum sume
cum"
EDR179756,Ionice pupa vale
EDR179757,Ama vale
EDR179758,navis cum velis instructis
EDR179759,navis cum remis et delphinus
EDR179760,triangulum
EDR179761,Sotericus
EDR179762,navis et delphinus
EDR179765,"phallus
Maio"
EDR179767,Quisquis amare vetat
EDR179768,Hodie  Nonius noceat Meci
EDR179769,B A B
EDR179770,"Mecio
loca cedo"
EDR179789,Omen
EDR179790,"Felix
hic est
bene illi
qui hoc scripsit"
EDR179791,Ama Ama
EDR179792,caput ad sin. et pileus?
EDR179793,caput ad sin. et pileus
EDR179795,figura?
EDR179796,Conti
EDR179798,Quo nos valeamus
EDR179799,Sabidia aurum
EDR179800,"Φοῖβος
Φοῖβος"
EDR179801,"Auctus
Actius"
EDR179803,Est meus
EDR179804,"Successus
amantissimus"
EDR179808,"Sabidia aurum
nec tua nocturna frangetur ianua rixa
sparsa neque invenies limina mane rosa
tempus erit cum tu quae nunc excludis amantes
frigida deserta nocte iacebis anus"
EDR179809,Guerendus
EDR179811,Paris
EDR179812,Vestorius
EDR179814,Πόπιος
EDR179815,phallus
EDR179817,Modesto teste Euhodus
EDR179818,caput hominis prospiciens
EDR179819,III
EDR180041,Neptunales verbum in forma navis scriptum
EDR180042,phallus
EDR180043,Rosa
EDR180044,quadrum cum littera X et linea
EDR180070,Vestinianus
EDR180071,Atimetus
EDR180072,Thaddeus
EDR180073,"Venimus hoc cupidi
multo magis ire cupimus"
EDR180074,Thalamus
EDR180077,R
EDR180078,IIIIIII
EDR180079,Valens
EDR180080,"figura geometrica, quadrum cum lineis"
EDR180081,circulus circino tractus
EDR180083,vestigium manus dextrae
EDR180084,vestigium manus dextrae
EDR180085,vale
EDR180086,Successus
EDR180087,caput ad sin.
EDR180088,Atimetus
EDR180090,Victor
EDR180101,Nicanor
EDR180103,"πυγίζω
μή θην ἄρμα πολησάτω"
EDR180104,V Kalendas Martias
EDR180105,Hermes
EDR180106,Tesseras cum emamus fructus nascatur bonus
EDR180107,Citus exeo
EDR180108,X
EDR180109,"caput ad sin.
caput ad sin."
EDR180110,aper ad sin.
EDR180111,lineae?
EDR180112,Herma
EDR180113,Ministris
EDR180114,navis cum malo navis cum remis
EDR180115,Ianuarius
EDR180117,L XXXI
EDR180118,X
EDR180119,gladiator galea scuto et sica armatus ad sin.
EDR180124,Pamphilus
EDR180126,X
EDR180127,"Ἰσίων
πονηρός"
EDR180129,X
EDR180130,Ἑρμῆ δέψε
EDR180131,quadrum quadrum cum littera X
EDR180144,Valeas
EDR180145,Valeas
EDR180146,R
EDR180148,R
EDR180149,R
EDR180150,R
EDR180151,P R
EDR180152,R P
EDR180153,Valeas
EDR180154,B B
EDR180155,B
EDR180156,avis?
EDR180206,"ubique fortis
hoc cum fe"
EDR180208,"Mentula
V sestertiis"
EDR180209,Paris vale
EDR180210,Roma
EDR180212,"Secundus
Secundụs
phallus"
EDR180214,Marcus
EDR180215,Romanus
EDR180216,Quartio
EDR180217,"Oliva condita
XVII Kalendas Novembres"
EDR180221,S
EDR180222,"XVII Kalendas Februarias

Omnes XX"
EDR180223,V
EDR180225,vale
EDR180227,III signum XII XII XIII
EDR180228,"Ἑρμιόνη Ἑρμογένης
Hermione Hermogenes"
EDR180229,Ἡλιάδης
EDR180230,XII
EDR180231,IIIII folium
EDR180232,M M
EDR180233,X
EDR180234,quadrum alterum quadrum continens
EDR180235,Ratio sequatur
EDR180294,A B L H R P D S S T I II V F C V I
EDR180295,X
EDR180296,XX MM
EDR180297,XI
EDR180298,series quindecim linearum
EDR180299,avis stans et vas
EDR180300,pars avis?
EDR180301,Sator
EDR180302,IIIIIIIII  IIIIIIII
EDR180303,quadrum cum lineis rectis
EDR180305,M
EDR180306,M
EDR180307,X
EDR180308,"Nexa vita
nexa manus
nexa anima
nexa coma
nexa interna
fine hoc locabo
 Maximum
carnem renes iecur anum
aciem aciemque Utinam
Maximus
Precor huius capillu
carne et renes et iecur edas"
EDR180309,XI
EDR180310,phallus
EDR180311,Ampliatus Auctus
EDR180312,καλός Paris
EDR180321,Modios
EDR180322,Canamus
EDR180325,Canamus
EDR180326,X Decimus
EDR180328,X Lucrius
EDR180330,Qui se movet
EDR180332,Tuto
EDR180333,"Decimo Lucretio
liberis feliciter"
EDR180336,"Gulus
Prothymio Aemilio salutem
Publio Prothymio"
EDR180338,Marco Atutio Timeli
EDR180340,Paris vale
EDR180341,Vitalio
EDR180343,Dianen
EDR180346,"XI Kalendas Februarias Eupor
Omnes XX"
EDR180368,Auctus
EDR180369,Rusticus vale
EDR180371,phallus
EDR180372,Rusticus
EDR180373,"caput hominis prospiciens, circulus a circino tractus"
EDR180374,suae
EDR180375,Me si quis quaeret
EDR180377,IIIIIIII
EDR180378,II
EDR180379,"circulus a circino tractus, continens alios circulos"
EDR180380,XX
EDR180382,M
EDR180383,M
EDR180384,"Marcus
Munatius"
EDR180385,"M
 M"
EDR180386,Ṣạturninus
EDR180388,Atimetus S amat Venetam
EDR180389,IIIIIIIIIII
EDR180390,Servi
EDR180391,μνησθῇ
EDR180392,Conrite
EDR180393,Vasa
EDR180396,"circulus circino tractus circulus circulum continens, circino tracti"
EDR180398,"circulus a manu tractus, cum lineis exterioribus"
EDR180399,"circulus a manu tractus, cum lineis interioribus"
EDR180400,S
EDR180403,N N
EDR180450,"Duobus

Salutem"
EDR180451,"Diariạ  Diaṛia
Minus"
EDR180454,Iam
EDR180455,A X
EDR180456,"Caelus
arṃa virumque"
EDR180457,Camụ
EDR180458,XIV
EDR180460,XIX
EDR180461,IIIIIII IIIIIIIII IIIIIIIIIII
EDR180462,XXXII
EDR180464,I I I I I I I I I I I I I I I I I I I X I I I I I  X  X X I I I I I I I I
EDR180465,I I I I I I I I I I I I I I I I I X X I I
EDR180466,A B C D II I G V T X
EDR180517,IIIIIIIIIIIIIIIII IIIIIIIIIIIIIIIIIIIIIIIIIIIIII
EDR180518,IIII
EDR180521,Hospiṭiuṃ
EDR180522,"Alienas res nolite tangerẹ
pueri"
EDR180523,conticuere
EDR180524,Contiquere conticuere
EDR180525,circulus et lineae
EDR180526,XIX
EDR180527,figura geometrica
EDR180528,navis cum remis
EDR180530,Arva
EDR180532,A
EDR180533,B
EDR180534,Quem non amo
EDR180535,"A B A
A B"
EDR180536,Successus
EDR180543,Apaea
EDR180545,Fur cave
EDR180546,Aufidius hic fuit vale
EDR180547,Floronius
EDR180548,Successus
EDR180549,Nero
EDR180550,Onesimus
EDR180552,Habitos
EDR180555,Pridie Nonas
EDR180556,figura geometrica
EDR180557,CCC
EDR180558,avis ad dext.
EDR180559,"Aulus H R
hac transiit"
EDR180560,XX
EDR180561,lineae interscissae
EDR180562,LX
EDR180563,denarius?
EDR180564,phallus
EDR180566,X
EDR180567,X
EDR180568,duo phalli
EDR180571,phallus
EDR180572,X
EDR180573,Tὰς ἀλλοτρίας γυναῖκας βεινεῖς sed puto te esse artificem maximum aedis Larium Iubet te fruaris artificium Tῶν θαλάμων pollice Olympyonica
EDR180574,caput hominis ad sin.
EDR180575,caput hominis ad sin.
EDR180601,Hetymus
EDR180602,Salvius
EDR180603,Sepiricus te βεινῶ
EDR180604,Tenendum
EDR180605,Eudemus
EDR180606,Ludus meus
EDR180607,Alẹxander
EDR180608,"Piere
vale palma"
EDR180609,Rura ubique
EDR180610,Euterpe Terpsicore Thalia
EDR180611,navis
EDR180612,navis
EDR180613,navis
EDR180614,navis
EDR180615,Modicus
EDR180616,Marcus
EDR180617,Gallus
EDR180618,Columbus malus es
EDR180619,phallus aut initium navis?
EDR180620,caput hominis ad sin. cum naso magno
EDR180683,XX
EDR180684,XX
EDR180685,XX
EDR180686,XX
EDR180687,XX
EDR180688,XX
EDR180689,XX
EDR180691,Successus
EDR180692,Successus
EDR180693,"caput hominis ad sin.
caput hominis ad dext. caput hominis ad sin."
EDR180694,IIIIIIIIII
EDR180695,Suavis
EDR180696,R
EDR180697,"Volumnios
um amo
maxime"
EDR180700,"gladiator galea cristata et scuto armatus, manica ocreisque indutus; Thraex?"
EDR180701,III
EDR180702,"X
XC"
EDR180704,"Lana
LV
Lana XXIX pondo"
EDR180705,Pridie Nonas Augustas
EDR180706,"Laciniae  
Clodia  IIII
IIII 
 VIII
II panes  XIV"
EDR180707,II
EDR180709,Demetrius
EDR180710,Z
EDR180711,"V Idus
V Idu Octobres"
EDR180712,"IIIIIIIIIII
IIIIIIIII  cepa
 
faba M VII VII
 
M VII VI"
EDR180715,"XVI
   
  
  XXVI"
EDR180716,Secundus
EDR180717,K
EDR180718,Augusto
EDR180761,"Caius Poppaeus Hymetus hic habitavit et amavit cuius nomen Euhodia
ἧς ἀριθμὸς υϙ"
EDR180762,"Caius Poppaeus hic habitavit cum
Hymeto et Phylacione
et amat amaturusque est
in aevum ἧς ἀριθμὸς αρα"
EDR180763,"Hic homo bellus
habitas"
EDR180764,"Suavis Nymphica Successa Publii serva Lydia
Phaeder Tiberii  salutem"
EDR180767,Si quis  hic
EDR180768,"Vesub
V"
EDR180769,Sume ex suis
EDR180770,Δῆλος
EDR180771,Primus
EDR180773,equus ad sin.
EDR180774,Mane
EDR180775,equus ad sin.
EDR180776,circulus circino tractus et florem continens
EDR180778,Ἰουκοῦνδος
EDR180782,Quae
EDR180783,Proculo  munitos
EDR180826,Ρύθυμος
EDR180827,"Ρύθυμος
Srythymus
Ρύθυμος"
EDR180828,X
EDR180907,XX C
EDR180908,circuli?
EDR180910,quattuor gladiatores
EDR180911,Armarium
EDR180912,VII
EDR180960,Que
EDR180961,R
EDR180963,duo circuli
EDR180964,hic Repentinus
EDR180965,circuli circino tracti
EDR180966,triangulum
EDR180967,II
EDR180968,"vas
avis"
EDR180969,lineae interscissae
EDR180970,IIIII
EDR180971,duae lineae
EDR180972,"quadrum cum lineis, rete?"
EDR180974,"quadrum cum lineis, rete?"
EDR180975,circulus a manu tractus
EDR180976,triangulum et linea
EDR180978,MC
EDR180979,septem lineae
EDR180980,II IIIII II
EDR180981,lineae
EDR180982,lineae
EDR180983,"phallus
quadrum"
EDR180984,caput hominis ad sin.
EDR180986,IIIIIIIIIIIIIII
EDR180987,Bacchus
EDR180988,Felix
EDR180989,Romanus
EDR180991,Amerimnus
EDR181060,Isi pro Isidi sacratas
EDR181061,Idai cerno nemora
EDR183621,"Nolo
cum Myrtale 
pictura, femina et vir inter se osculantes"
EDR185748,Caius Pumidius Diphilus hic fui
EDR187553,"quisquis amat calidis non debet fontibus uti
nam nemo flammas ustus amare potest"
EDR188621,"Facetu Facetus
Facetus Mesonii
M"
EDR188623,Auriolus
EDR188624,XXXIII
EDR188625,Caelo
EDR189334,phallus
EDR189335,circuli circino tracti
EDR189336,"Quintus Piranius
Cerialis"
EDR189338,"Caius Hadius Ventrio
eques natus Romanus inter
betam et brassicam"
EDR189391,Cornelia Fortunata Augustiana
EDR189393,Augustiane
EDR189394,"Ampliata
Florilla"
EDR189395,"F Quantus
 F"
EDR189396,"Pamphilus
R I"
EDR189397,"Caius 
cunnum"
EDR189398,Pamphilus
EDR189399,Pamphilus
EDR189400,Cipius
EDR189401,Cum si quis  Zo
EDR189402,Marcus  Cum quidam pauper
EDR189403,Cum quidam
EDR189404,duo delphini
EDR189761,vale Cinna
EDR189763,Adiutor
EDR189764,Suedio
EDR189766,X Patinio salutem
EDR189767,Nymphe vale vale
EDR189768,Ampliatus
EDR189769,amica  Secundo feliciter
EDR189770,Mystice
EDR189771,Primigenia
EDR189773,Atrium  E
EDR189776,Poppaeo Charitoni
EDR189777,Secundus
EDR189987,Alcis
EDR189988,Alce valeas qui mereris
EDR189990,"Romanus
armis vitiis
regnat"
EDR189991,Romanus
EDR189992,Nonis Iuniis
EDR189993,Marco Claudio
EDR189994,"XVI Kalendas Augustas
Publius Cornelius hic fuit"
EDR189996,Stabiani H hic sine Thalamo
EDR189997,Vota Restitutus  donum dedit
EDR190162,"cum Clemente
salutem"
EDR190164,Sergia
EDR190165,Compse
EDR190166,IIIIIIIIIII  IIII  I  IIIII  III
EDR190167,И I
EDR190168,denarius
EDR190787,Sicinius Zosimo salutem  dicit
EDR191034,Acti
EDR191233,"Nunc  est  ira  recens  nunc  est  discedere tempus

Si dolor afuerit  crede redibit amor"
EDR191234,Ἤδη μοι Διὸς ἄρα πηγὴ παρὰ σοὶ Διομήδη
EDR191252,IIII  IIIIIIIII  IIIIIIIIIIIIIIII  IIIIIIIIIIIIII  IIIIIII  IIIIIIIIII
EDR191253,IIIIIIIIIIIII
EDR191254,IIII  IIII  IIII  IIII  IIII  IIII  IIII  IIII
EDR191398,quisquis amat valeat pereat quis nescit amare
EDR191399,Hominem reddit rhetor
EDR191405,"Hic duo rivales canunt
una puella tenet fasces
tr  s cui fas
an  ae"
EDR191406,"Littera Theorianis semper dictura salutem
nomine nunc Dextri tempus in omne manet"
EDR191494,caput viri ad sin. versum
EDR191495,anas ad sin. versa
EDR191881,probavit hoc pudor ingenuus postulat et  pietas
EDR191891,Ἤδη μοι Διὸς
EDR191892,"Virum vendere
nolo meum
 quanti quantique"
EDR191893,Virum
EDR191910,"Felicem Aufidium felicem semper deus
faciat"
EDR191911,Fructus  cum  Raecio Guttaque  agentes  gratias
EDR191912,fecit
EDR191926,Phoebe veni
EDR191927,Stronni
EDR191928,Felix
EDR191955,Cassius Cerrinio suis salutem
EDR192006,"Cassius
gladiator"
EDR192007,"gladiator, retiarius pugione fuscinaque armatus"
EDR192059,Proculus
EDR192065,"sodalium
Procul"
EDR192067,"amabis ε

A"
EDR192070,Marcus Marcus
EDR192090,vincit amor
EDR192091,"Ubi  perna cocta  est  si convivae apponitur
non gustat pernam lingit  ollam  aut  caccabum"
EDR192092,"Tu qui lucernam  cogitas  accendere
 tibi"
EDR192093,"Surda sit oranti tua ianua laxa ferenti
audiat exclusi verba recepta amans
Ianitor ad dantis vigilet si pulsat inanis
surdus in obductam somniet usque seram"
EDR192094,"Si quis forte meam cupiet violare
puellam illum in desertis
montibus urat amor"
EDR192095,Romanus olim πάλιν aurum pro ferrum dedica
EDR192096,Quisquis amat veniat Veneri lumbos volo
EDR192097,Quid potest tam durum saxo
EDR192102,aureus est Danae
EDR192628,scrib
EDR192629,Neronem
EDR192642,Mariona
EDR192646,B A
EDR192647,Aiemius scriptum sinistrorsum
EDR192650,S CD
EDR192652,Cum quidam
EDR192782,Hegium
EDR192855,"Restituta  cum Secundo
domino suo"
EDR192856,"hominis facies cum phallo

hominis facies

Cenialis
fellator

hominis caput

hominis stantis figura"
EDR192857,Laetus
EDR192858,Reliquos X
EDR192859,"XII  
XII"
EDR192860,Novembres CLXXXII
EDR192861,Φειδότιμος
EDR192862,quidve
EDR192864,VIII
EDR192865,XII
EDR192867,Rufinus  Cur
EDR192869,Aemilius sinistrorum Curvio  salutem
EDR192870,Curvius sinistrorsum  Aemilio sinistrorsum salutem
EDR192871,S Curvius sinistrorsum Sabino sinistrorsum salutem
EDR192872,"Curvius
Sabinus
Sabinus"
EDR192875,νίκα Glaphyrine
EDR192876,Pondo adipem CXXXII
EDR192877,CXXXIX
EDR192878,"Pondo  adipem
CXXVI CXX CXII"
EDR192882,A CV   I
EDR192883,"Semis

CXCIII"
EDR192884,"Vale
V

Himer et
Secundus"
EDR192885,"I XXIX
II 
III XXXII
IIII XXXI"
EDR192886,"CCLX
 palma"
EDR192887,"V V  Victoriae caput? suae salutem

Zosimus Victoriae
salutem
Rogo  te
ut  mihi
succurras"
EDR192932,"Iapetus
Delpḥicus
 P  V"
EDR192933,herma viri
EDR192934,I
EDR192935,Ruibundus amnis
EDR192936,Aemilius
EDR192937,Optate vale Caietanus scripsit
EDR192939,Optate vạle  Cum qui
EDR192940,Marcinus
EDR192942,suo salutem
EDR192943,"Μέρος
Κ
Ι"
EDR192944,hominis caput cum phallo
EDR192945,Ḷanaṛa
EDR192946,Sabinus
EDR192947,"dicit nobis Sineros ẹṭ sopio
ut merdas edatis qui scripseras
sopionis"
EDR192948,"Marcus Geminius
Marcus Geminius
Phoebus"
EDR192949,Communi
EDR192950,"Pelecrio
dicet
tibi"
EDR192952,"Quidquid
exit"
EDR192955,Successus
EDR192957,fur
EDR192958,Victor  fellator
EDR192964,CXXVI
EDR192976,"Deana
vale"
EDR192995,MM
EDR192996,Roma
EDR192997,"Cornelio
Amando
feliciter"
EDR192999,Pridie Idus Iulias refeci
EDR193000,"Secundus
Opscus"
EDR193062,muner
EDR193066,Successus hic
EDR193068,Auctus Iulianus
EDR193069,Auctus
EDR193077,"Dario eius
Nomas eius"
EDR193124,"Lascivos voltus et blandos aufer ocellos
coniuge ab alterius sit tibi in ore pudor"
EDR193212,"Abluat unda pedes puer et detergeat udos
mappa torum velet lintea nostra cave"
EDR193265,minimum malum fit contemnendo maximum
EDR193267,minimum malum fit contemnendo maximum Menedemerumenus
EDR193270,"Venus enim
plagiaria
est quia  exsanguni
meum  petit
in viis  tumultum
pariet optet
sibi ut bene
naviget
quod et
Ario sua rogat"
EDR193284,Cum quidam
EDR193310,Sol  vox contra na  quid
EDR193313,"Restitutus multas decepit
saepe puellas"
EDR193316,Restitutus II
EDR193334,Ventus
EDR193335,"Secundus pedicavit
pueros"
EDR193336,Ṛoma vâle
EDR193339,O  Severo S
EDR193399,"Carmina
communemne
Arma  virumque cano Tro"
EDR193434,Itu reditu X passi
EDR193435,Furuncule
EDR193436,Montanus
EDR193437,"Marcus Caesius
Blandus"
EDR193438,"Pothinus
Ποθεινός"
EDR193439,"Marcus  Caesius  Blandus
N"
EDR193440,Quartio
EDR193444,Hermes
EDR193445,Crescens
EDR193446,Atimetus
EDR193447,Nonulla
EDR193449,"Atimetus
Atimetus"
EDR193450,Atimetus
EDR193451,navis cum velo
EDR193452,Rusti
EDR193453,Claudi
EDR193454,Marcus Caesius Blandus
EDR193455,Munatius
EDR193456,Viseius
EDR193457,"Liberalis
dominae salutem"
EDR193485,Atimetus
EDR193492,Anulinu
EDR193599,Caesare Augusto
EDR193604,Primogenius
EDR193607,Speratus Habito
EDR193609,Nugas es
EDR193612,Visellius
EDR193614,Visellio
EDR193616,Secundus
EDR193621,Eranus
EDR193624,Rustium  Aedilem
EDR193627,Fortunatu
EDR193630,"Hic habitat
phallus
felicitas"
EDR193641,"O 
D  IX
Q 
D  CLXIX
Q  
O LI"
EDR193643,"O 
D LI
Q 
 
 CIII LVII
 X"
EDR193644,"X 
 I LXX


LLN"
EDR193645,"LXXV
Q CLX
D CLX"
EDR193646,"Cdenarius 
 
CdenariusXL"
EDR193647,Roma
EDR193659,"I T V 
  salutem"
EDR193665,Habitus
EDR193677,Xystus
EDR193678,Successus Aninto
EDR193679,Xystus
EDR193680,cibaria  IIIIIIIIIII
EDR193682,"Marcus Lucius
Caius Sepunius"
EDR193702,"Secundus
Primus"
EDR193703,Menippus
EDR193704,Marcus Verrius Quirinalis Puteolanus
EDR193705,"Martialis
vos"
EDR193706,"Spiculus Neronianus Vicit
Tiro
gladiator stans, galea, scuto, gladio brevi armatus

Aphthonetus Periit
liber  XVI
gladiator Thraex, humi prostratus, galea armatus, sicam angulatum tollens"
EDR193707,"gladiator galea et scuto armatus, alter gladiator"
EDR193708,"R CLI
equus ad sin. conversus

X
duo equi ad sin. conversi"
EDR193710,"Talia te fallant
utinam mendacia copo
tu vendes aquam et
bibes ipse merum"
EDR193711,Marcus Manilius
EDR193712,"Pantacathus
gladiator galea, scuto ingenti, gladio breve armatus palma XXXII corona"
EDR193721,"Victoria vale
et ubique vis 
suaviter sternutes"
EDR193722,"Rufa
Pinus Ephebo suo salutem
Lucium  Naevium
Magnum"
EDR193730,Severus
EDR193748,"corona palma
gladiator galea pinnis ornata et scuto armatus
gladiator galea pinnis ornata et gladio armatus
gladiator gladio brevi, fuscina armatus"
EDR193749,Cassius
EDR193750,"Cnaeus 

Cnaeus Alleius"
EDR193753,Tu qui die digitos contrudis M N
EDR193794,S
EDR193795,Ampliatus
EDR193796,Cinaedus
EDR193799,"Pacatus et Sosia Caesiae Secundae
Pacatus"
EDR193801,Restituta
EDR193805,Proeliare Gangens Caesar te spectat
EDR193806,avis ad sin.
EDR193807,"threx murmillo ramus palmae corona
Pinna Neronianus XVI vicit
Columbus liber  periit"
EDR193809,Pinna Neronianus
EDR193810,Cai Iuli vale
EDR193811,Cissus pedico
EDR193812,fellat
EDR193813,Aulus Messius Chrysanthus
EDR193814,"Daphnus Asiaticus
cum sua Apra
Ionice hic et
ubique
corona palmae ramus"
EDR193815,Daphnus Asiaticus
EDR193817,Cantabunt mihi
EDR193818,V Kalendas Maias
EDR193819,quod cunnum lingis
EDR193820,Hermodorus
EDR193822,Iucundus
EDR193823,Mystiche vale
EDR193944,Sabinus
EDR193968,"Alliget hic auras si quis
obiurgat amantes et vetet
assiduas currere fontis
aquas"
SMYD00011,caput gladiatoris ad sin.
SMYD00012,figura gladiatoris
SMYD00013,herma viri
SMYD00014,folium hederae
SMYD00021,navis
SMYD00041,navis
SMYD00051,navis
SMYD00052,phallus
SMYD00053,gladiator cum scuto
SMYD00061,navis
SMYD00062,feles
SMYD00081,phallus
SMYD00082,phallus
SMYD00083,navis
SMYD00084,caput hominis ad sin.
SMYD00085,navis
SMYD00086,"figura hominis, tantum caput extat"
SMYD00087,venatio
SMYD00091,"gladiator, murmillo cum scuto"
SMYD00092,navis
SMYD00101,securis
SMYD00111,navis
SMYD00112,gladiator cum palma ad sin.
SMYD00113,gladiator cum scuto
SMYD00114,caput hominis ad sin.
SMYD00115,phallus
SMYD00116,navis
SMYD00121,navis
SMYD00122,caput hominis ad sin.
SMYD00124,galea gladiatoris ad sin.
SMYD00125,lineae
SMYD00141,navis
SMYD00142,navis
SMYD00143,navis
SMYD00151,navis
SMYD00152,navis
SMYD00153,navis
SMYD00154,navis
SMYD00155,"gladiator, secutor"
SMYD00156,"gladiator, provocator"
SMYD00161,phallus
SMYD00171,navis
SMYD00172,navis
SMYD00181,lineae interscissae
SMYD00191,navis
SMYD00192,figura viri
SMYD00193,thymiaterion
SMYD00201,duo capita hominum
SMYD00211,caput hominis
SMYD00221,caput hominis ad sin.
SMYD00222,"certamen gladiatorum, provocatores"
SMYD00241,phallus
SMYD00242,phallus
SMYD00243,phallus
SMYD00251,phallus
SMYD00252,phallus
SMYD00253,phallus
SMYD00254,caput hominis ad sin.
SMYD00255,navis
SMYD00256,caput hominis
SMYD00257,"gladiator cum scuto et ferro ad sin., provocator"
SMYD00258,folium hederae
SMYD00259,phallus
SMYD00261,"gladiator ad dext., secutor"
SMYD00262,phallus
SMYD00271,naves
SMYD00272,ianua
SMYD00281,navis
SMYD00282,gladiator sine capite ad dext.
SMYD00283,certamen gladiatorum
SMYD00284,pars gladiatoris
SMYD00285,certamen gladiatorum
SMYD00286,certamen gladiatorum
SMYD00287,"gladiator cum scuto, provocator"
SMYD00288,figurae hominum
SMYD00291,"gladiator cum scuto et ferro et palo ad dext., provocator"
SMYD00292,venatio
SMYD00293,caput hominis
SMYD00294,figura hominis
SMYD00295,duo capita hominum ad sin.
SMYD00296,gladiator cum scuto et corona
SMYD00297,phallus
SMYD00298,avis
SMYD00299,avis
SMYD00301,"feles magna, leo?"
SMYD00302,elephantus
SMYD00311,navis
SMYD00321,navis
SMYD00322,navis
SMYD00323,caput hominis ad sin.
SMYD00341,quadrum cum linea
SMYD00601,navis
SMYD02910,avis
SMYD02911,gladiator cum palmis
SMYD02912,phallus
SMYD02913,venatio)
SMYDG0041,navis
SMYDP0061,imago incerta
SMYDP0121,piscis nat ad sin.
SMYDP0151,piscis natandus ad dext.
SMYDP0321,denarius?
SMYDP0341,duo circuli
SMYDP0342,navis
SMYDP0431,navis
SMYDP0432,palma
SMYDP0433,imago incerta
SMYDP0541,duo capita hominum ad sin.
SMYDP0542,"gladiator ad dext., eques"
SMYDP0601,hortus
SMYDP0711,folium heredae
SMYDP0712,palmae
SMYDP0713,navis
SMYDP0721,tres circuli cum linea
SMYDP0731,avis
SMYDP0732,imago incerta
SMYDP0741,navis
SMYDP0742,gladiator
SMYDP0743,gladiator ad dext.
SMYDP0751,navis
SMYDP0761,piscis
SMYDP0781,duo naves
SMYDP0782,securis
SMYDP0783,navis
SMYDP0811,circulus continens florem
SMYDP0812,quattuor circuli
SMYDP0813,navis
SMYDP0831,taurus
SMYDP0841,avis
SMYDP0842,navis
SMYDP0843,lineae interscissae
SMYDP0844,navis
SMYDP0845,lineae interscissae
SMYDP0851,navis
SMYDP0931,circulus
SMYDP0941,"avis, olor?"
SMYDP0942,navis
SMYDP0943,folium heredae
SMYDP0961,"gladiator cum scuto ad sin., hoplomachus"
SMYDP1001,navis
SMYDP1002,domus
SMYDP1003,"tria animalia, cervi?"
SMYDP1004,navis
SMYDP1011,duo naves
SMYDP1012,aedificium
SMYDP1021,navis
SMYDP1031,duo stellae
SMYDP1041,duo capita hominum
SMYDP1051,certamen gladiatorum
SMYDP1091,aedes cum columnis et scalis
SMYDP1092,aedes
SMYDP1121,duo naves
SMYDP1122,navis
SMYDP1123,navis
SMYDP1551,navis
SMYT00012,Παρθένα Σμυρναία
SMYT00051,"μίαν φιλῶ
ἧς ἀριθμὸς"
SMYT00081,"Ὀνήσιμε μὴ κλίδισον
καὶ μίαινε τὴν ὑπὸ θεῶν
ἐκτημένην Βαιτην
ἐὰν δὲ καὶ καταπείνῃ"
SMYT00082,ζήτημα
SMYT00093,ὁ ἀναγεινώσκων
SMYT00098,se
SMYT00099,Π
SMYT00113,μιμοῦ
SMYT00124,τω
SMYT00125,"Θεαγένης
 νεικητής"
SMYT00133,"ταῦτα λεγόμενος 
ἂν σοὶ δοκεῖ"
SMYT00142,Διογένης
SMYT00151,Δημόκριτος
SMYT00153,Εἴσις
SMYT00159,"Τρύφων
Ἐφέσιος
ἐποίει"
SMYT00162,οβ
SMYT00202,"σοι 
 εισιν"
SMYT00251,"Νεικήτης
ἐποίει"
SMYT00272,"Ἡγεῖνος εἶπεν
τὸν ὀφθαλμὸν
ἐν τάχει ἐθαραπεύθην"
SMYT00283,Εὐπρέπης
SMYT00293,ἐπῆλθεν
SMYT00321,ὑπ
SMYT00322,Ἀσίας
SMYT00331,"ἐξώλη σου
 ἀδελφὸς ἐξώλη
τῷ ἀναγινώσκοντι
Τροφίμη
 
  
Θάλλος"
SMYT00332,Πρυτανικός
SMYT00381,Tύχη
SMYT00421,"ζοη 
ἄγγελος πυγίζει μέ"
SMYTP0632,Νεῖλος
SMYTP0682,Τίτος
SMYTP0721,εὐτύχει
SMYTP0731,ζήτημα
SMYTP0741,τρηθηει
SMYTP0771,"Φιλεῖνος 
 εἶπεν"
SMYTP0783,"τίτθη
  O

πινκίρνας
πρῶτος"
SMYTP0847,Ἡρακλείδης
SMYTP0961,Θ
SMYTP0964,τόπος
SMYTP1004,"Ἀσίας τύχη



τόπος"
SMYTP1005,"Εὐφροσύνη
Ὀνησίμου"
SMYTP1006,"ἑαυτὸν
γυνὴ ἀχάριστον"
SMYTP1007,"Κέλσου
Κέλσου
Κέλσου
Κέλσου
Κέλσου
Κέλσου"
SMYTP1031,stellae
SMYTP1041,stella
SMYTX0002,Ω
SMYTX0003,ζήτημα
