EDR071661,Barbara barbaribus barbarant barbara barbis
EDR071722,"sociis vicesimariis
novis et veteribus"
EDR071808,"Marcus Lucretius Fronto vir fortis
et honestus"
EDR071918,"Haec fuerat quaesita dies innoxia famae
idicio sem

 pauca"
EDR072274,Caius Vettius Firmus
EDR072296,Aedilem Proculum  cunctorum turba probavit Hoc pudor ingenuus postulat et pietas
EDR072663,Fullones ululamque cano non arma virumque
EDR073355,"Apollinaris medicus Titi Imperatoris 
hic cacavit bene"
EDR073638,"S

Δ

rotas
opera
tenet
arepo
sator

A N O"
EDR073766,"Marcus Lollius Marci libertus
Bithus"
EDR074234,Gemma velim fieri hora non
EDR074292,"Cucuta ab rationibus
Neronis Augusti"
EDR074682,Phoenix felix et tu
EDR074685,"Pompeis
ad amphitheatrum
Euxino coponi"
EDR076752,Antoni Ma
EDR076753,Munera Poppaea misit Veneri sanctissimae berullum elenchumque unio mixtus erat
EDR076754,"Caesar ut ad Venerem venit sanctissimam ut tui te vexere pedes
caelestes Auguste millia milliorum ponderis auri fuit"
EDR076755,"Pro salute reditu et victoria
Cai Iuli Philippi votum hic fecit Laribus
Publius Cornelius Felix et Vitalis Cuspi"
EDR076757,Memor Cassi Cascellius
EDR077696,Si cycnus in caelo est hac
EDR077698,"Floronius
binet ac miles
legionis VII hic
fuit neque
mulieres
scierunt nisi
paucae et
ses erunt"
EDR079495,"Theophilus canis
cunnum lingere noli puellis in muro"
EDR079713,"Nigrum
cum Nesto
Cumis"
EDR079714,Cernite Thebaides modo tales sed Bromios regia Menas
EDR081345,Caius Messenius Eunomus in curia
EDR081346,"Mammium Anicetum
rogamus curia Augustiana"
EDR081347,"Publius Arrius
Spaerus"
EDR081349,In curia  Augustiana
EDR081355,"quinquagenta
ubi erant
exinde ocio"
EDR092812,Vicimus
EDR102191,"Hermeros Primigeniae dominae
veni Puteolos in vico Tyaniano et quaere
a Messio nummulario Hermerotem Phoebi"
EDR122604,ave
EDR122610,Pondo semis
EDR124967,Quartilla vale
EDR124968,Quartilla
EDR124969,"IIIIIIIIIIIIIIII
IIIIIIIIIIII IIIIIII
IIIIIIIII II IIIIIIII
IIIII IIIIIII"
EDR124970,Caniu
EDR124971,IIIIIIIIIIIIIIIIIIIII IIIIIIIIIIIII
EDR124975,quos        amat  valeant
EDR124979,Nicopolis vale
EDR124981,Anthis vale
EDR124982,Anthis vale
EDR124983,Nicopolis vale
EDR124984,Nicopolis vale
EDR124986,Anthis vale
EDR124987,Anthis
EDR124989,Euplia
EDR124991,"Plataco
turuda"
EDR124992,vale Quartilla
EDR124993,Quartilla vale
EDR124994,Cypare vale
EDR124995,Quartilla vale
EDR124996,Quartilla
EDR124997,"Salutem venientis
venientis
III"
EDR124998,salutem venientis
EDR124999,Cosmus
EDR125000,Oppi
EDR125001,conticuere omnes
EDR127080,"Marcus Titinius
cinaedus
L"
EDR127081,"Cuproniusepol
Romulus in
caelo
Martis
equitat"
EDR127140,Nonnius
EDR127145,Iucundus fututor
EDR127147,"Eros
Thymele"
EDR127149,Symmachus
EDR127151,
EDR127152,"Pacatus
hic cum suis
mansit Pompeis"
EDR127154,
EDR127155,"Auctilius
Atilio salutem
Casellio
infelicia"
EDR127157,
EDR127185,Caius Voconius
EDR127186,"Albanius
Communis

Aurelius
Ṇoniu"
EDR127187,Caius Lalius
EDR127191,Ursus
EDR127192,L
EDR127193,Galerii
EDR127194,X
EDR127212,Evanthus
EDR127213,"Geganius
Romulus
aedilis
iuvenalium"
EDR127231,"Inops
Caius  Iunius"
EDR127233,"Mille meae
Siculis errant"
EDR127234,Marcus Atilius hic stationem fecit
EDR127242,"Lucilius
Lucidae suae
ubique salutem"
EDR127297,centuria Clementis
EDR127298,"Auli PosstuPostumi
Quicti"
EDR127299,Icare vale
EDR127360,
EDR127366,Virilio
EDR127368,"corona palma
Chloe vale"
EDR127396,"Mus cave
malum"
EDR127398,"Numeruṣ

Decimus Iulius
Th"
EDR127399,"hic sumus
felices
valeamus
recte"
EDR127404,
EDR127405,"Qui mihi docendi
dederit mercedem
habeat quod
petit a superis"
EDR127406,Castalo salutem
EDR127407,
EDR127409,Q R
EDR127410,
EDR127411,"Anus
vitae meminit
scio
Aquiti
mortis
taeduisti"
EDR127412,"D
D
DC
V
V
V
XX"
EDR127413,"VII
N"
EDR127414,Lucius  Lollius procûrator
EDR127416,"D
D
X X"
EDR127417,"R O
R
R"
EDR127419,X
EDR127420,"socius
Veṛvicius"
EDR127422,
EDR127423,Chloe Clemen
EDR127424,
EDR127425,Cinnamus
EDR127426,"Matris
Eleusinae"
EDR127427,"Menedemerumenus
 Menedemerumenus"
EDR127428,"Eo
vale
Chloe"
EDR127430,X
EDR127573,Leon
EDR127574,Lepidi
EDR127575,Caius Lucianus
EDR127576,Magistri
EDR127577,Postumi
EDR127578,centuria Tironis
EDR127579,centuria Semproni
EDR127790,"Nauplius
Clappo salutem"
EDR127801,Aptus
EDR127806,Valens
EDR127807,centuria Valentis
EDR127808,Titus Irrius
EDR127809,"Primus
ave vale"
EDR127810,S H S
EDR127811,Icarus
EDR127812,Lucius AII
EDR127813,
EDR127814,XVI
EDR127815,"Publi Propesi
cuntus
Verpa
quae istuc
leges

Non es
fidenter
scriptscriptor
phallus"
EDR127816,Mystice vale
EDR127817,Chl  oe  va
EDR127818,
EDR127819,
EDR127820,"Aristo
Tonsori"
EDR127821,Eucapa puer  vale
EDR127822,Manio Aemilio
EDR127823,"Sautrane
vale"
EDR127824,Sautrane vale
EDR127826,Prima
EDR127827,"nec Phryges
extabant Quid
agit apex
dexter"
EDR127828,"Numina
Di"
EDR127829,Menedemerumenus
EDR127830,Menedemerumenus
EDR127831,
EDR127833,Nauplius
EDR127835,Florus
EDR127838,quoṣ
EDR127842,Proculus
EDR127844,
EDR127845,
EDR127847,Tîber
EDR127848,Feliciter Faustio
EDR127849,"instrumentum gladiatorum, galea
S
sumit
 CV
instrumentum gladiatorum, thorax"
EDR127850,Faustio
EDR127969,
EDR127971,Acanthus hic
EDR127972,"venivit
mulieri
Decimi Lucreti Valentis
Onustus
eques I
rationis
Saga"
EDR127973,Siccia X
EDR127975,
EDR127976,
EDR127977,Sumptus VIII
EDR127979,"B
Mille
Acanthus"
EDR127981,Popius
EDR127982,Marci Brutt
EDR128013,Urbanus
EDR128014,Urbanus
EDR128016,L A R
EDR128046,Collatius
EDR128047,Lucilius
EDR128048,"Lucilius
Lucidae suae
ubique salutem"
EDR128050,"hic habitamus
felices
nos
dii
faciant"
EDR128051,
EDR128052,"Quintus Caecilius
Quintus Caecilius
Lucius Caecilius"
EDR128053,Lucilius
EDR128055,
EDR128056,Primus
EDR128057,va
EDR128058,L
EDR128059,"Voconius
Pacatus"
EDR128060,
EDR128061,"Anchario
lina"
EDR128062,"Urbanus
hic lusit VI Idus
decembres"
EDR128063,
EDR128064,Lucius Atilius
EDR128065,Placidus
EDR128066,C
EDR128067,centuria Luccei
EDR128080,
EDR128082,centuria Aebuti
EDR128084,
EDR128097,Militibus ubique salutem
EDR128098,
EDR128116,Chloe vale
EDR128117,"O 
âv"
EDR128118,Chloe
EDR128276,Ligaria
EDR128277,Totus
EDR128278,
EDR128279,tridens?
EDR128284,Providentes
EDR128285,Auli Iuni
EDR128286,Fortis
EDR128290,
EDR128292,"Apsyrtus
Lacenae
ubique"
EDR128293,Caius  Lux
EDR128542,L X I I I I
EDR128543,"Alica
pondo IIIII"
EDR128544,"IIIIIIIIIIIIIII
IIIIIIIIIIIIIII"
EDR128545,"hinc
hinc
pedibus XII  VII
V"
EDR128546,"IIIIIIIIIIII
IIIIIIIIIIIIIII
IIIIIIIIIIIIII
IIII"
EDR128547,XII
EDR128548,IIIIIIIIIII
EDR128550,DCCXCVIII
EDR128551,VII
EDR128552,II
EDR128553,"C t C F
C C"
EDR128554,II II II
EDR128555,"VIII VII
IIII IIIIII IIIIII IIIIIIII IIIIIIII
X IIIIIIII IIIIIIII IIIIII
IIIIII 
XVII IIIIIIIIIIIII
 X IIIIIII III
IIIII"
EDR128556,emis CC K
EDR128557,"Mula fellat Antoni
Fortunata aeris assibus II
caput hominis"
EDR128559,"Idibus Iulis
inaures positas ad Faustillam
pro denarium II usuram deduxit aeris assem
ex summa XXX"
EDR128560,"Daphnus
Felix
Aegle
Attice"
EDR128561,IIIIIIIII
EDR128562,"IIIIII  IIIIIIIIIIIIIIIIII IIIIIIIIIIIIIII IIIIIIIII
IIIIIIIIIIIIIIII IIIIIIIIIIIIIIIIIIIIIIIIIIIIIIIIIIIII"
EDR128564,bono ut sit
EDR128565,IIIIIIIIII
EDR128566,S
EDR128581,"Assibus VIII
Stabuli"
EDR128616,"Lucumo
quis CCC
 S"
EDR128617,Ṃạrcius Atimetus
EDR128641,Roma
EDR128642,"Lucius
Cominius"
EDR128643,
EDR128644,Eros
EDR128645,"circulus circulum continens, tracti cum circino
Marcus Cerrinus"
EDR128647,
EDR128648,IIIIII
EDR128649,IIII
EDR128650,X
EDR128660,Dos I assis
EDR128661,"Atilius assem I
Atilius assem I
Atilius assem I"
EDR128662,"Dos
I assis"
EDR128733,"Albanụs assem I
Ạlbanus assem I
Aḷbanus assem I
Albanus asses II
Agathẹmerus asses II"
EDR128734,"panem assibus II
purmentarium assibus III
oleum asse I
 assibus IIII
vinum asse semis
caseum asse semis
 assibus IIII
vinum asse semis
XI Kalendas acce"
EDR128737,"Macer
Caius Popillius"
EDR128738,"trophaeum?
 
II"
EDR128739,Ascula
EDR128740,pascela
EDR128746,
EDR128747,
EDR128749,"D D D
D D D"
EDR128752,"IIIIIIIIIII
IIII"
EDR128753,"quisquis
in cathedra"
EDR128755,Spes assibus
EDR128756,Sev
EDR128757,"Pompeianis Paeoniam

figura hominis ad sin."
EDR128758,
EDR128759,MI
EDR128761,
EDR128762,"Callistus
hic lusit
cụm"
EDR128769,
EDR128770,Caius  Lux
EDR128772,vale
EDR128773,
EDR128774,"G
G
C"
EDR128775,
EDR128776,"Valeri
vale"
EDR128777,"Clodius
hic et ubique
amabiliter"
EDR128778,"Panem

X"
EDR128779,Matris Eleusinae
EDR129306,"Lollianus
Euhodus
Priscus
Musicus
Atimetus
Ampelus
ccus
Glaucus
Communis"
EDR135591,quati
EDR136429,Adauctus
EDR136431,
EDR136432,Nero
EDR136433,"Habito suo
lia salutem"
EDR136435,I XII IV
EDR136436,Caiu
EDR136437,Qui nisi le
EDR136438,septem et semis
EDR140034,"Stiriscus
Moschus Noeto"
EDR140036,"Ex senatus consulto 
E 
mansi solus"
EDR140037,XI kalendas Februarias
EDR140039,"Branc
broc
trans
nus
Noster
tros
men
Quod
quid
quae
quas
Rum
quis
que
dem
Con
les
lis
muḷ
Mol
ma
me
mae"
EDR140040,C C ego
EDR140046,"Coldenarius
Colono"
EDR140050,Bucolus
EDR140052,Soli
EDR140053,"R
Paris
amas"
EDR140054,"feliciter
FELICITER in forma navis scriptum"
EDR140055,IIIIIIIIIIIIIIIIIIIIIIIIIIIIII
EDR140060,
EDR140061,"accepit Secundus Crusali servus
et Valentina phallus"
EDR140062,heribus miscella
EDR140124,Quis d
EDR140125,Quid
EDR140127,Balbus
EDR140129,
EDR140130,
EDR140131,"Crocale
barbata"
EDR140132,
EDR140133,M
EDR140134,David
EDR140135,Hic amor sapiet
EDR140136,XI
EDR140137,Ɔ
EDR140138,Burrus  petat H
EDR140139,Salvia Superba
EDR140140,Quintus Vettius
EDR140141,"Centurio
centonem non habet"
EDR140143,Amata
EDR140144,"Mansueta
tene phallus"
EDR140146,
EDR140147,"conclave Puteolis
C
 consistunt Herculanenses naviculae"
EDR140148,
EDR140149,Algemus
EDR140150,
EDR140151,"Aulus Tatius
prius"
EDR140152,"Hyacinthus hic fuit
Verginiam suam"
EDR140164,N
EDR140165,"Surus
Ianua vale"
EDR140166,Cum quidam pauper ligas VI
EDR140167,
EDR140168,Felices
EDR140169,
EDR140170,
EDR140171,"Saturninae
matri uncus
assibus III"
EDR140172,"A Epicurus
si es Utica"
EDR140173,Oceanus
EDR140174,Vasa
EDR140175,DIII VII
EDR140176,
EDR140177,"Assis 
CCCXXX"
EDR140178,
EDR140179,P S aedituus
EDR140181,Severus
EDR140182,CLXX
EDR140184,Iuvari
EDR140185,
EDR140187,Quintus
EDR140188,"VIII Kalendas Martias
Numisii Genialis
gladiatorum paria X
Herculani"
EDR140189,
EDR140190,"gladiatores inter se dimicantes
Euhodus
et Satura
Puteolani"
EDR140191,extersi
EDR140192,Ara
EDR140193,XVII
EDR140195,"XI Kalendas pane factum
III Nonas pane factum
III"
EDR140197,R
EDR140198,Aniciae feliciter
EDR140199,Eueno
EDR140203,
EDR140204,IIII Publius Quintilius
EDR140205,Primigenio salutem
EDR140208,Mercurius
EDR140210,IIIIIIIIIII
EDR140211,Charca meam Syra
EDR140213,Cereales sint Cumis
EDR140217,ovas  E  M X P vectat
EDR140219,"lius   genius suae salutem
 N   R"
EDR140220,Alica
EDR140221,vol cum Marcello bona
EDR140223,P P P redire si minus innectebis et te
EDR140224,gius a Tertio S
EDR140226,Secundus quo Hectic plurimam salutem
EDR140230,Anicete vale
EDR140231,Augu
EDR140232,suis P ave vivant
EDR140233,Vale Procame
EDR140234,Publius Septumius
EDR140235,IIII
EDR140237,Vibidi
EDR140239,"Caius Iunius
nomen C(AIUS) IUNIUS in forma navis scriptum"
EDR140246,I
EDR140248,"caveas Timinia
Iures"
EDR140250,IIIIIII
EDR140251,
EDR140252,IIIIIIIIIIIIIIIIII
EDR140255,"Sextus Porcius
s s"
EDR140257,XVII kalendas X kalendas VII idus
EDR140258,Mus nequam
EDR140669,Rufûla pondo V semis
EDR140709,bius
EDR140978,Vivanius Ater ubique
EDR140979,
EDR140980,Quam mita vis  Pastores atque  Caste monit erga pugiles
EDR140982,VI  DV
EDR140983,"Fortunatus  amat  Ampliandam
Ianuarius  amat  Veneriam
Rogamus  domina  Venus
ut  nos  in  mente  habeas
quod te  modo  interrogamus"
EDR140986,"Urso
Urso"
EDR140987,Marcus
EDR142437,XI
EDR142438,Quintus
EDR142441,Ad Ner
EDR142442,
EDR142565,"Idibus Martiis
in sumptum sumpsi"
EDR142566,Narcissus
EDR142567,XI XV Kalendas Maias
EDR142568,"VII Idus Novembres asseres IIII
tertius"
EDR142569,"XI Kalendas Iulias
man"
EDR142571,IIIIIIIIII
EDR142572,III Idus Iulias tritici modios CC
EDR142573,"Venustus
nomen Venustus in forma navis scriptum"
EDR143926,"iamque omnẹs vicini incendia participantur
si faciam flammam tradere uti liceat"
EDR143927,"n ore ap
sumat aut ea va
sumpti opus est a
udam eu ei"
EDR144354,"Θ
Faustus
Nothus
Nothus
nomina FAVSTVS et NOTHVS scripta in forma trium navium, NOTHVS bis"
EDR144785,"nil sibi habere aiunt Eumam totumque locare
quid ṭum"
EDR144786,"si quid amor valeat novisti si te hominem scis
commiseresce mei da veniam ut veniam
flos Veneris mihi de"
EDR144787,"Caesia si n
si parvum p
es bibe lude
nec semper"
EDR144788,"solus amare v
multa opus sunt s
quod nescire dare"
EDR145428,salve Ilia
EDR145429,Ias cum Magno ubique
EDR145430,"Hic ego puellas multas
futui"
EDR145431,"Felix
bene futues"
EDR145433,Facilis hic futuit
EDR145438,"phalli figura
Iarinus"
EDR145936,Echio vale
EDR145941,"vale
rio Isidoru
IX
viri caput"
EDR145942,"Proculus
herma viri"
EDR145999,Phoebus
EDR146000,"Puteolanis feliciter
omnibus Nucherinis
felicia et uncum Pompeianis
Petecusanis"
EDR146001,"Phoebus unguentarius
optime futuit"
EDR146085,"Ṣolḷemnes
ḅene futues"
EDR146086,"Sollemnes
benẹ futues"
EDR146087,"Vitalio
bene futues"
EDR146088,"Scordopordonicus hic bene
futuit quem voluit"
EDR146089,Helpis
EDR146121,vadavo
EDR146122,futui
EDR146123,"XVII Kalendas Iulias
Hermeros
cum Philetero et Caphiso hic futuerunt"
EDR146125,Phoebus pedico
EDR146187,Hermeros hic futuit
EDR146188,lucr
EDR146189,"pedicat Apollonia A
bene dat Nonius
futere"
EDR146190,"Beronice
habenda
futuere"
EDR146191,Feliculam ego f
EDR146651,Feliculam ego hic futui
EDR146889,Marcus Scepsidi ubique salutem
EDR146890,Ianuarìae ti
EDR146891,Restituta bellis moribus
EDR146892,"futui Mulam hic
quid"
EDR147137,Iar
EDR147138,Callìdṛome vale
EDR147139,Phoebus
EDR147140,"Sabinus Proculo
salutem"
EDR147141,"Victor
cum"
EDR147686,"Thallasâe fusa Optatus
verba in forma navis scripta"
EDR147687,"Crescens architectus
verba scripta in forma navis cum malo et remis"
EDR147717,"Neptunus
nomen NEPTVNUS in forma navis scriptum"
EDR147725,"Neptunus
nomen NEPTVNVS in forma navis scriptum"
EDR147777,Crescen
EDR147779,Crescen
EDR147780,"Navigium Celeris
verba in forma navis scripta"
EDR147856,Montanu
EDR147857,"Psyche
nomen Psyche in forma folii hederae scriptum"
EDR147860,"quamvis modesta vi maxima sis
verba in forma sicae scripta"
EDR147861,"quanṿịs esṭa vi 
verba scripta in forma sicae"
EDR147916,"Restitutus
nomen RESTITVTVS in forma navis scriptum"
EDR147917,"Secundus
nomen SECVNDVS in forma navis scriptum"
EDR147918,"Numerius Popidius
Salvius
nomen in forma navis scriptum"
EDR147919,"Siletiollus
nomen SILETIOLLVS in forma navis scriptum"
EDR147920,"Secundus
nomen SECVNDVS in forma navis scriptum"
EDR147921,"Siletiolus
nomen SILETIOLVS in forma navis scriptum"
EDR147922,"Communem nummum
verba COMMUNEM NU(MMUM) in forma navis scripta"
EDR147923,"vela
Antiochus
hic mansit
cum sua
cythera"
EDR147925,"A
circulus circino tractus et florem continens"
EDR147999,"Siletiollus
nomen SILETIOLLVS in forma navis scriptum"
EDR148022,"Surrentinas
Surrentinas
verba Surrentinas scripta in forma duarum navium

caput hominis"
EDR148103,"Venite amantes
verba in forma navis scripta"
EDR148379,"Qûartio vale
labyrinthus
labyrinth"
EDR148421,Y
EDR148432,victrix victoria vale
EDR148433,pedicare volo
EDR148434,vidimus hoc
EDR148435,Cressa
EDR148436,fututa sum hic
EDR148511,contìquere
EDR148512,Neptunaḷịs
EDR148517,"Felix cum
Fortunatạ"
EDR148520,Sollemnis hic
EDR148521,December bene futuis
EDR148523,Iarinus
EDR148525,Victorie
EDR148526,Asbestus hic
EDR148527,Florus
EDR148651,siquis erit variae am
EDR148652,"Sextus Decimius Rufus
miles cohortis V praetorianae centuria Martialis"
EDR148653,"Sutores mavirum quem
Caselli"
EDR148654,Auctus Iuli Aug
EDR148671,"Acetabula
assibus II semis  II
acetabula"
EDR148672,"Vasa in camella
Ie VI"
EDR148673,"III nonas Augusti
Calchimi oc
eterate
in"
EDR148674,Amabiliter
EDR148675,
EDR148676,Marcum vasculum
EDR148677,XIX Kalendas Februarias
EDR148678,Numeri Popidi
EDR148679,cito
EDR148682,"Albanus Pomponius
Severi servus

Severus"
EDR148683,"Trofime
XIX"
EDR148684,"Idus Ianuarias
sacculum"
EDR148685,"denarius  Assibus 
debes
denarius XLVII XVI"
EDR148686,Secundus
EDR148687,Celesius hic est
EDR148730,Atini
EDR148788,in contra pondo VI  VIII
EDR148789,Anteros hoc scripsit
EDR148790,Cosmus
EDR148820,"Aelius Magnus Plotillae suae
rogo domina salutem"
EDR148821,Muner
EDR148829,"Hic venatio pugnabit V Kalendis Septembris
et Felix ad ursos pugnabit"
EDR148830,"Taurus S
 non"
EDR148831,"Quota sunt capita dua
sella quadrua
equales di"
EDR148880,"Evodius
navis cum malo veloque"
EDR149017,Primacecis
EDR149034,Rarus
EDR149037,"P
Primi"
EDR149040,Sica
EDR149041,lax
EDR149042,Paridi
EDR149043,"abiat habeat
Quieti corona?"
EDR149044,Paridi phallus
EDR149045,
EDR149046,"Asses IV
divitias
scripula III"
EDR149047,Rh
EDR149048,"Lite es dupundi
Lite
aeris assis"
EDR149050,Habitus
EDR149052,"Stano sis gemma
ṂOṚ"
EDR149053,Habitus
EDR149056,"Crescens Euantillus
Paris vale"
EDR149057,Trebenius
EDR149060,"Unus amat unam
Salutem Salutem"
EDR149061,Lin
EDR149062,"Celerina Spuri filia
Sẹlinunti"
EDR149063,"Pacạtus
Pompeianis"
EDR149064,"Iuli phallus ad sin. versus lingis
Pacatus"
EDR149065,Abascantus
EDR149104,Victor bene futụịṭ Novimus
EDR149105,vera Victoria
EDR149106,Vìctoria ìnvicta hic
EDR149108,Victoria
EDR149109,Ianuaria
EDR149110,Victorie
EDR149111,non aug
EDR149112,"Nais
sodalis"
EDR149113,Ìas Magno salutem
EDR149114,"Felix futuit
cum"
EDR149115,Ianûariaes
EDR149136,Paris
EDR149137,
EDR149138,Bucinus
EDR149139,Ianuarius
EDR149140,"Venimus
Venerunt"
EDR149141,"Laculus
Priscillo
amabiliter"
EDR149142,"hominis caput cum naso ingenti
Ampliate
Icarus
te pedicat
Salvius
scripsit"
EDR149143,Paris
EDR149144,Echio vale
EDR149145,Bemilia
EDR149146,Romanus
EDR149147,"Luci Augustiane
abias propitium Caesarem"
EDR149148,"Luci Augustiane
ab prop"
EDR149149,Marius
EDR149150,"Lucio Popidio Secundo
Augustiano feliciter"
EDR149151,
EDR149152,
EDR149154,Vetti
EDR149155,"IIII Kalendas

III Kalendas"
EDR149159,amv caput hominis phallus directus versus os capitis illius
EDR149160,"qui modo mo
erminuca"
EDR149161,nox
EDR149162,N voco
EDR149163,Crescens
EDR149164,Marim
EDR149165,
EDR149172,"denarii XVIII
denarii III"
EDR149173,"amat qui scribet Pedicatur qui leget Qui obscultat prurit
Pathicus est qui praeterit
Scribit pedicator
Septumius"
EDR149174,"quam pretio aut precibus vincitur
adsta"
EDR149176,N XXXII
EDR149177,in balneum
EDR149181,
EDR149185,Hermes
EDR149186,C Piero
EDR149187,"Antonius

M M M S"
EDR149188,Abcedfgh
EDR149189,"D  
D"
EDR149190,"Capella vale
palmae ramus
palm branch"
EDR149191,Eros
EDR149196,"Sacaba et Caramilus 
duo gladiatores, a quibus alter, sub SAC, alterum, sub M, tridente petit"
EDR149197,Hirrius
EDR149198,Hirr
EDR149204,
EDR149207,
EDR149208,quin
EDR149209,Phoebus
EDR149211,Latinus
EDR149212,Quintum Varium
EDR149213,"Firmus
Firmus"
EDR149215,Diogenes
EDR149232,IIIIIIIIIII
EDR149233,IIIIIIIII
EDR149236,Vic
EDR149238,Hervi
EDR149240,Marcus
EDR149241,Novi
EDR149245,Quis
EDR149247,Iulium
EDR149248,Hellespontus
EDR149251,ṿi non pateris et nos futuere bene
EDR149252,"Marcellus
Proculus
Marcellus"
EDR149253,Bromius
EDR149254,Mam
EDR149255,"Mari
Victorius"
EDR149258,IIIIIIII
EDR149277,Pithia Prima cum Spartitundiolo modo hac
EDR149278,Popidii
EDR149280,Asti
EDR149281,Prima cum suo hac
EDR149282,Pithia Prima cum Spartitundiolo hac modo
EDR149283,Marca
EDR149284,Ianuariae
EDR149285,"phallus A
SḶ"
EDR149286,venimus
EDR149287,"Vale Issa
Fabia"
EDR149289,Quinti Hortensi
EDR149291,Scutularius cum Africana hac
EDR149292,Prima cum Spartitundiolo modo hac
EDR149293,Prima
EDR149294,
EDR149295,Pyramus Euhodus
EDR149296,Habito suo salutem salutem
EDR149298,
EDR149300,CCCLXXXVI
EDR149302,"IIIIIIIIIIIIIIIIIIIIIIIIIIIIIIIIIIIIIIIIIIIIIIIIIIIIIIII
IIIIIIIIIIIIIIIIIIIIIIIIIIIIII  IIIIIIIIIIIIIIII
IIIIIIIIIIIIIIIIIIIIIIIIIIIIIIIIIIIIIIII"
EDR149304,"Amandus
Amandus"
EDR149323,"Duobus
Fabii"
EDR149324,Proculus
EDR149325,"Priscus caelator
Campano
gemmario
feliciter"
EDR149331,"Procule
Postumi vale"
EDR149332,"Lucciae
cuma"
EDR149333,"Melisse vale
hac"
EDR149335,Sabinus
EDR149337,"Spes
assibus II"
EDR149338,"Ianuari
lingis mentulam"
EDR149340,
EDR149343,"Phosphorus
hic futuit"
EDR149344,Vesbinus Vesbinus
EDR149345,"Epagathus fututor
II  C centuria?"
EDR149398,
EDR149403,Poppai
EDR149404,Reus
EDR149405,"Pompeianis
feliciter feliciter
Faustinum viginti
rogamus"
EDR149406,Iuliae
EDR149434,Augustus
EDR149447,Cadia
EDR149448,clim
EDR149450,Fructus
EDR149451,Fructus
EDR149452,"hic ego cum veni futui
deìnde redii domì"
EDR149453,"Bellicus hic futuit quendam
luculentissime futui"
EDR149511,Neroniane
EDR149512,Tum
EDR149513,"palma
palm frond"
EDR149973,"Phoebus
bonus fututor"
EDR149974,Hyginus cum Mẹṣsìọ hic
EDR149978,Iarinus
EDR149983,Syneros
EDR150010,"phallus rationem mi cum ponis
Batacare te pedicavero
ana"
EDR150187,Manius Valerius
EDR150188,"Quartio
VIII"
EDR150368,Lucius Annius it
EDR150369,Beronice
EDR150370,"Fronto Planì
ḷingit cunṇum"
EDR150376,"Victor cum Attine
hic fuit"
EDR150386,Si quis
EDR150388,"nt l
 pinxit"
EDR150397,casulae frons cui et ad d. et ad sin. palma adiecta est et cuius portam quadrupes petit qui cornibus longis in cervi modum praeditus esse videtur
EDR150399,Luci Aviani votum
EDR150410,I
EDR150494,Fortunata fellat
EDR150499,"Victor
valeas qui bene
futuis"
EDR150501,Rusatia
EDR150503,Severu us
EDR150504,Sisininus
EDR150505,"Ver
fellas
Fortuna sic"
EDR150506,Placidus hic futuìt quem voluìt
EDR150507,"Lucrio
Amasuc
Sarnensis"
EDR150755,A
EDR150757,"vale
XI
II"
EDR150776,Proculi
EDR150777,"Amore tuo morior  amate
us amantem"
EDR150778,o pereo vita in amore
EDR150779,
EDR150780,Vita amo te
EDR150782,Venustus
EDR150783,Amante
EDR150785,
EDR150787,Lucius Ninnius
EDR150860,"Satyr hic
fuit
Ionice vâle"
EDR150874,Sua vox
EDR150875,Amaranthus
EDR150876,Colonius
EDR150877,Nonius
EDR150878,Romanus homo
EDR150960,Roma
EDR150962,Diad II
EDR150963,scribis
EDR150964,vota
EDR150965,
EDR150969,"IVV
vale"
EDR150971,qui
EDR150972,m exhi
EDR150974,"Menander
Salve"
EDR150988,Titus  Verrius
EDR150990,viri caput ad sin.
EDR150991,"cutas qua
at ant"
EDR151037,"Myrtale
Cassacos
fellas"
EDR151041,Ver et Anedia
EDR151042,"Myrtale
CCassa"
EDR151043,Ampliatus
EDR151047,"Myrtis bene
fellas"
EDR151048,"or bene
valeas qui bene futues"
EDR151049,Fortunata fellat
EDR151051,irrumo sed vKas
EDR151052,a Nice fellat
EDR151053,fụạṭ asses II
EDR151054,S
EDR151055,Romanus
EDR151056,Ver
EDR151057,centum sex
EDR151058,nonaginta novem
EDR151059,"he
he
hac"
EDR151060,Synethus
EDR151061,Caius cum I
EDR151062,Synethus
EDR151063,"Synethus
Faustillam
futuit
ubique rite"
EDR151064,cor iṣ
EDR151065,Castrensis
EDR151066,quis
EDR151068,Myrtis fellatrix
EDR151069,Mur
EDR151070,"Victor
ḥạec soṛ"
EDR151071,Scaudì
EDR151072,Marci Aniceti
EDR151159,incalaṿit
EDR151331,Rufilla fellat
EDR151332,Modestus
EDR151333,
EDR151334,"Hermaịscus invictus hac
gladiator galea, manica, ocrea, gladio brevi, et scuto armatus; ad dextram, duo homines"
EDR151335,Quidam cum legeret
EDR151338,Isochryse puer Natalis verpa te salutat
EDR151340,Narcissus
EDR151341,Asiaticus
EDR151342,Vetti Vere amator coctor
EDR151343,Crescens
EDR151345,Romanus
EDR151346,Veneria
EDR151347,"Sicule Castrensis
Chrysaspsis"
EDR151348,"Verus hic ubi stat
nihil  veri"
EDR151349,Vitalis
EDR151415,"Venimus
huc cupidi
multo
magis
ire   ut
liceat
nostros
visere
Roma Lares"
EDR151417,Nicanor ovas
EDR151447,
EDR151579,"A I I sextans C
I semis semis I
C uncia I
sextans semis"
EDR151584,"P I semis semis triens sicilicus I V
W  K semis F semis semis"
EDR151588,semis uncia X X I I
EDR151592,P XIX semis semuncia
EDR151596,Campanus
EDR151597,Ca
EDR151599,P  XVII semis uncia sicilicus III
EDR151668,"Rete vale
phallus"
EDR151677,Clodiae
EDR151680,Aris S
EDR151681,Crescentis locus
EDR151683,Vidi
EDR151684,Publius Caselicius Canus
EDR151687,Texentis Erati locus
EDR151690,cinaedus
EDR151691,Tiburtinus locus
EDR151692,"Athenais aeris  II
Sabina aeris  II
assibus IIsemis"
EDR151693,"Salutem
murmillones"
EDR151694,Lollius
EDR151695,Tiburtinus locus
EDR151696,Ịụṇiae Primạẹ
EDR151698,Gloriose vale
EDR151701,"hominis facies
Vespasius"
EDR151702,"Verna Vernionis
Secundus
Secundus"
EDR151704,Antonius Rustio salutem
EDR151705,"Si tibi cụ
gladiator
gladiator"
EDR151706,Lucius Quatius Sabinus
EDR151707,"Phosphorus tuis
choreis"
EDR151709,Phosphorus tuis choreis
EDR151710,Restituta tuis choreis
EDR151712,Memor
EDR151713,Accia
EDR151714,Mulus hic muscellas docuit
EDR151716,Iulius Quintus
EDR151717,Restituta tuis chorẹịs
EDR151718,"Nicerate Vana succula
quae amas
Felicionem
et ad portam
deduces
illud
tantum
in mentem
habeto"
EDR151719,Veteri
EDR151720,sumC
EDR151722,Quintinus
EDR151724,Eros Spleia
EDR151725,Eros Pleia Apeleis signa duo Familia gladiatoria Pomponi
EDR151726,Calidius Neronianus III
EDR151728,Firmus
EDR151729,
EDR151731,Apri
EDR151732,Onesimus
EDR151733,Clemens
EDR151734,Fortunatus
EDR151742,"Cum quidạ
prora navis infra titulum"
EDR151743,"Euhodia
hominis caput prospiciens alto petaso induti supra scriptum"
EDR151750,Dexter vicit
EDR151751,"Decimi Vibi 
arbor, foliosa palma"
EDR151752,Mendax
EDR151753,Mendax veraci
EDR151754,Mendax veraci salutem
EDR151755,Mendax veraci ubique salutem
EDR151757,"Rufilla domina
mamillae"
EDR151760,L
EDR151761,II denarii III III
EDR151762,denarii XXI
EDR151764,Canities
EDR151771,Non pos
EDR151772,Cissus
EDR151775,Anicetus
EDR151776,"Secundus
fellator
rarus

ira"
EDR151777,Liberalis
EDR151779,Amantes ṾṬỊỊ
EDR151780,"Severus
Severus"
EDR151781,Ibi et tu es
EDR151782,Fructus
EDR151783,Caius
EDR151785,"Ampliatus
O"
EDR151786,"Felices homines  valete
felices"
EDR151789,"Mansuetus provocator
victor Veneri parpalmam feret"
EDR151791,"Sabinus
de qsuino"
EDR151794,Pompeìanus
EDR151795,Pompeìanus
EDR151796,"ṚẸ
ìnquid"
EDR151798,Armaturiis
EDR151799,Leontine vale
EDR151800,S nequam
EDR151801,Mus
EDR151802,us
EDR151804,Saeculares
EDR151805,Samellius
EDR151806,II CIII V
EDR151807,Cladus
EDR151808,Corinthus
EDR151814,Decus
EDR151816,lagoenas
EDR151818,Mansi solus ex senatus consulto
EDR151819,
EDR151820,Polycarpus
EDR151821,Pales cit
EDR151822,"Vasileus habitat
Puteolis in castris Augusti
sub Valerio"
EDR151825,Successus
EDR151828,Memor
EDR151829,Myrine mari
EDR151831,"Quaesivi hic facias res serva omnes res tuas  quem noli nobis iunge neque servabo
ne quis ius luminum salvum"
EDR151832,Helene
EDR151835,Est res
EDR151836,Narcissus
EDR151839,R
EDR151840,Hermeros Severus
EDR151843,Hermes Cinnamus
EDR151845,Sabinus
EDR151847,"corona phallus ad sin. versus corona
VI Kalendas Septembres mansimus
Pompeis"
EDR151851,"Rusticus
Rusticus"
EDR151854,Anumrub
EDR151859,"Caius Sei
Odem"
EDR151861,
EDR151863,Caius Hostius
EDR151864,Romulus
EDR151865,tres lineae aequae
EDR151866,Onesimus
EDR151867,"Vinum acceptum
ab domino VII Idus Apriles"
EDR151868,"Aquaria dua cum basis
Aquaria in manus dua cum basis
Hamas duas cum basis
Aquaria in manus cotidianu I
cum basis
urceolos duos
Candelabra quattuor
et lucubratorium unum
Lucernam aeneam
Hamulam unam
Pelvis cum basim
et luterem
Gutos tres
Scapheola dua
Ferreas strigi"
EDR151869,"Augusto
feliciter"
EDR151872,Quintus
EDR151873,socio F
EDR151874,"circulus duplex IIIII
XX
XX
X"
EDR151876,XXX CVXXX
EDR151877,"Spedio Antymo 
redibis e Pompeiano
a Colono salutem
est augustalis"
EDR151883,Cum LVḄ
EDR151886,Sacomata XX
EDR151887,Philippus
EDR151888,Marcus
EDR151890,"cio salutem morieris Tomi
Feliciter"
EDR151891,Iusto feliciter
EDR151892,Cosmus castus
EDR151894,"Artorius
IIIII II III"
EDR151895,
EDR151896,Fatuus
EDR151899,"o
foro"
EDR151901,decembr
EDR151910,Quintus M
EDR151920,Soles
EDR151921,A  XXXI
EDR151936,Florus
EDR151939,ave
EDR151940,Amandi
EDR151941,Osculo
EDR151943,Ve
EDR151946,Sabinus
EDR151947,Caustulus
EDR151948,Rẹmmius Rufus
EDR151965,I
EDR152008,homo galeatus
EDR152013,Hermeros
EDR152017,"Africanus moritur
scribit puer Rusticus
condiscens cui dolet pro Africano"
EDR152815,Rare lali omnes a
EDR152929,Hilarus
EDR152930,"deliciae
si tangere possem
entur aquas"
EDR152962,"Ἄρτος
signum incertum"
EDR152963,XX IIIIIIIII
EDR152964,"Kalendas Augustas
Nonas Aprilis
Atinas"
EDR152999,Quartu
EDR153000,Moderatus
EDR153110,Quintus M Antus
EDR153111,"Phoebus
aegrotes"
EDR153151,Albinus
EDR153355,"Qui  se tutari  nescit  nescit  vivere
Minimum  malum  fit contemnendo  maximum"
EDR153356,Vidimus
EDR153357,
EDR153358,
EDR153483,
EDR153484,
EDR153485,Numini
EDR153486,
EDR153487,"Venimus
venimus
hoc cupidi
multo magis ire cupimus"
EDR153609,
EDR153613,"Iuliam
ad dom"
EDR153615,LXXII
EDR153740,Amethyste vale
EDR153741,Chie
EDR153742,"Silentiolus
nomen SILENTIOLUS in forma navis scriptum"
EDR153743,"Silentiolus
nomen SILENTIOLUS in forma navis scriptum"
EDR153800,S IIIII
EDR153849,Ursi me comedant
EDR153850,Semis C Y mille Semis Semis
EDR153851,Ultas
EDR153852,mille mille
EDR153853,Ursi me comedant
EDR153854,M umor
EDR154043,"Septembres
III idus pro tunica denarius I asses VIII"
EDR154044,"Asas numero LXI 
Anaticulas  numero  CXXVI"
EDR154045,Tiberius Claudius
EDR154046,at veniat
EDR154047,Cunei
EDR154092,"cunei XXIII
Asseres XV"
EDR154177,"nuces  biberes  
singula III
Panem III  LI 
ofellas III  XII 
thymatula IIII  VIII"
EDR154179,"Duo sodales hic fuerunt et cum diu malum
ministrum in omnia haberent
nomine Epaphroditum vix tarde
eum foras exegerunt
Consumpserunt persuavissime cum futuere sestertii"
EDR154185,"Apelles cubicularius
cum Dextro Caesaris
pranderunt hic
iucundissime et
futuerunt simul"
EDR154186,"Apelles Mus cum fratre Dextro
amabiliter futuimus bis
binas"
EDR154189,Euhodus
EDR154190,Mortuus
EDR154368,"Fusci Cilix
Cilix"
EDR154369,XII
EDR154370,VIII kalendas Iulias
EDR154371,Salarius glaber  Laviniam futui
EDR154372,Caetronius
EDR154373,Urso
EDR154421,VII asses III
EDR154423,S IIIIIIIIIIII XX
EDR154429,Urbane vale
EDR154430,omnibus Salinensi v
EDR154431,Modesti
EDR154432,Phyl vale
EDR154433,"Vitalio
pedica ut comatus
Urosacula
Syrus
Foliatus"
EDR154434,"Longinus IV Idus Iulias
Iulias accepit vim hilare
Sturnus amator"
EDR154443,IIIIIIIIIIIIIII
EDR154444,"Omnes
XXXI"
EDR154445,"IIIIIIIIIIIIIIIII
 III"
EDR154446,IIIIIIIIIIIIIIII
EDR154447,
EDR154500,"Maior vale
Maior vale
 VIII"
EDR154533,Anicete Paris valete
EDR154534,Echio  vale
EDR154535,Luci Acti vale Mystice mus comici Icui  pro  te fuimus
EDR154537,
EDR154538,Feliciter Proculo
EDR154539,"Vinicius
Florus
Paris
Caius Messenius"
EDR154540,Careius
EDR154541,phallus
EDR154542,inibus feliciter
EDR154563,Vale vale
EDR154566,"exempta
stercora
assibus XI"
EDR154567,quattuor cer
EDR154568,"Extan pisu
 ne
quinque"
EDR154569,"Casium et
tres scrios habes"
EDR154570,Quant
EDR154571,lusor
EDR154572,Iustus cinaedu
EDR154573,cinaede
EDR154574,"III nonas Maias
VII idus periit"
EDR154575,Lasius cinaedus
EDR154576,"anthi
trama
pondo IX
stamen
pondo VII
VIII"
EDR154590,
EDR154591,
EDR154592,
EDR156779,Ave Fausta salutem
EDR156980,"Sabina
Sabina"
EDR156981,Kalendas III Iulias
EDR156982,Paris
EDR156998,"Mortuus
Hercolanius"
EDR156999,"Hic situs
Suellius"
EDR157024,"Mortuus
Deius"
EDR157025,Aulus Memmius
EDR157040,Hymnus
EDR157794,"Caius  Cominius Pyrrichus  et
Lucius  Novius  Priscus et  Lucius  Campius
Primigenius fanatici tres
a pulvinar Synethaei
hic fuerunt cum Martiale
sodale Actiani Anicetiani
Sinceri  Salvio sodali feliciter"
EDR158675,"Suspirium
puellarum"
EDR158840,"Admiror o paries te non cecidisse ruinis qui tot
scriptorum taedia sustineas"
EDR158841,"Ad admiror paries
te non cecidisse
 ruina"
EDR158845,candida me docu
EDR158846,candida me docuit nigras
EDR158847,candida m
EDR158848,candida me docuit
EDR158849,"Candida me docuit nigras odisse
puellas odero si potero si non
invitus amabo"
EDR158850,"Candida me docuit nigras
odisse puellas odero si potero si non invitus
amabo
scripsit Venus fisica Pompeiana"
EDR159381,Venimus h huc cupidi multo magis ire cụpimus
EDR159382,Venimus
EDR159408,Venimus huc cupidi multo magis
EDR159410,Venimus huc cupidi multo magis ire cupimus
EDR159411,"Venimus huc cupidi multo magis
ire cupimus"
EDR159412,Venimus huc cupidi scribit Cornelius Martialis
EDR159413,"Venimus huc cupidi multo magis ire cupimus
sed retinet nostros illa puella pedes"
EDR159522,Venimus hoc cupidi multo magis
EDR159558,"Venimus hoc cupidi multo magis ire
cupimus"
EDR159559,"cupidi multo magis
cupimus"
EDR159564,Ursi me comib
EDR159667,conticuere
EDR159669,Conticuere
EDR159670,"Conticuere omnes
omnes
intentiqụe S"
EDR159671,"Conticuere omnes
 Siqua
Cạtit quatit"
EDR159672,"conticuere
omnes"
EDR159673,Conticuere
EDR159675,conticuere
EDR159678,Conticuere omnes
EDR159681,Conticuere omnes
EDR159685,canticuere
EDR159687,"Primigenius  Mystes Communi suo salutẹ ṿịdisti quo Turnum aequoribus ibat in armis
  virtutis merces palmam pretium gloriae victoriae spem causas"
EDR159688,Tu dea tu presenos praesens nostros succurre labori
EDR159689,quos ego sed
EDR159690,"qụisquis es amissọṣ hiṇc iam obliviscere Graịọs
Scribit Narcissus"
EDR159691,"Nec prius
absistit quam
septem ingentia
victor corpora
fundat humi"
EDR159692,"certe hinc Romanos olim
volventibus annis"
EDR159694,arma virus
EDR159695,arma viru
EDR159696,arma virumque
EDR159697,arma vir
EDR159773,Debere
EDR159775,
EDR159776,
EDR159777,"Vinum asses III
QuatusuiI VIII
Nig denarius V semis
Capitoni
Nigro denarius V
Nig"
EDR159778,"Misit  iterum
agnas s
o simplex cima
nempius"
EDR159781,arma vir
EDR159783,"arma virumque
 qui primus

virumque  virumque"
EDR159784,"Qui primus
V"
EDR159785,arma vir
EDR159786,Arma virumque
EDR160123,Aeneadum genetrix
EDR160124,Aenead
EDR160125,Aeneadum
EDR160126,Aeneia nutrix
EDR160127,Aeneadum
EDR160128,Aeneia
EDR160129,Aeneia
EDR160130,AeneadC
EDR160149,"ductores
Danaum"
EDR160160,"carminibus
Circe socios
mutavit
Ulixi"
EDR160162,Carmin
EDR160163,Carm
EDR160164,Corusticus
EDR160165,Rusticus
EDR160166,Rusticus ẹst Corydon
EDR160168,Si pudor quis
EDR160169,CoriCorydon
EDR160228,"Dic mihi
Damoeta"
EDR160232,"Severus
Mille meae Siculis errant in montibus agnae"
EDR160281,Antenor potuit
EDR160282,"Occasionem nactus non praetermisi tibi scribendi ut scires me recte valere
Antenor potuit mediis elapsus Achivis Illiricos penetrare sinus Appulit"
EDR160283,Barbarus aere cavo tubicen dedit horrida signa
EDR160313,"Vade
age nate
vocas ZeZephyros"
EDR160320,"Communemne nummum dividendum
censio est nam noster nummus
magnam habet pecuniam"
EDR160322,Communem nuṃ
EDR160323,Communem
EDR160326,Communem
EDR160327,"communem
communem nummum dividen
co"
EDR160333,vidisti quo Turnus equo q
EDR161342,Pauper
EDR161390,Pauper
EDR161742,"Propero vale mea Sava
fac me ames"
EDR161769,Tertiani hic habitarunt  verpa vale
EDR161789,Micci
EDR161819,Aulum Trebium aedilem dignum rei publicae
EDR161820,Maximus
EDR161821,Venus Venus
EDR161822,Praefecto Caesaris
EDR161823,scripsi Venerem Poppaeae Triquinias
EDR161824,"Primigenia
multa"
EDR161825,Maximus
EDR161826,Vitalis
EDR161836,"Θ
mortuus
Caerulus
Nonas
postridie Nonas"
EDR161837,"mortuus
Glorus
posteru postridie Nonas"
EDR161910,Faustus
EDR161911,Marcus Aquis Faustus
EDR163351,"sextans semis
 quadrans semis uncia"
EDR163395,Romanus
EDR163397,"Felix V
Ɔ C"
EDR163399,Lucius
EDR163400,Telesius
EDR163402,"Successa verna assibus V
bellis moribus
corona A P palma"
EDR163403,Successa
EDR163404,Balai
EDR163405,"Hic ego bis f u futui
formae"
EDR163524,Duobus
EDR163525,ic Roma
EDR163526,Samatissa
EDR163527,Sarnus
EDR163528,"L N F
C"
EDR163529,Romanus
EDR163530,Musicus quod bibere optat lige
EDR163595,Titius v Diogenes tuque  VI
EDR163597,Rufus
EDR163598,Ampliatus
EDR163599,Daphnicus cum Felicula sua hic
EDR163600,ius cum Frontone
EDR163601,N Fronto
EDR163602,"Ampliatus
Martialis
Ianuarius
Onesimus
Iustus"
EDR163603,Venerandus
EDR163604,"Curiosus Vitalio
S A B"
EDR163605,Ianuarius
EDR163606,"Rusticus
Rufina"
EDR163692,Silenu
EDR163693,Cravidnet
EDR163695,Circius
EDR163696,Mebi venio
EDR163697,Paris vale
EDR163698,Phyllis fellat
EDR163701,Menander
EDR163702,Felicula verna assibus II
EDR163703,"Menander
bellis moribus
aeris assibus II"
EDR163704,Licintus
EDR163882,"Quartilla
Fuficia
tueriti co
filia"
EDR163883,Quati
EDR163885,
EDR163886,"III
XX  XXV  XXVIII"
EDR163887,"VIII
IIIIIIII"
EDR163888,IIIIII
EDR163889,Marcus Caes
EDR163891,"Pelias
Alcestis"
EDR163892,Rufini cubiculum s
EDR163893,"Rru
Rru"
EDR163894,"Quorumc
Primuis"
EDR163896,Clleri Cllerigenes
EDR163897,
EDR163898,Roma
EDR163899,"Mimus

βινεῖς
animal"
EDR163900,
EDR166065,IIIIIIIII
EDR166066,IIIIIIII
EDR166067,XX
EDR166068,
EDR166069,IIIIIIIIIIIIIIII
EDR166070,IIIIIIIIIIIIIIIIII
EDR166071,IIIIIIIIIIIIII Ì IIIIIIIIIIIIIIII
EDR166072,IIIIIIII
EDR166073,IIIIII
EDR166074,IIIIIIIIIII
EDR166075,IIIIIIIIIIIIIIIIIIII
EDR166076,IIIIIIIIIIIIIII
EDR166077,
EDR166078,IIIIIIIIIIIII
EDR166079,V
EDR166081,IIIII
EDR166082,
EDR166083,XII semis
EDR166084,V
EDR166085,VI
EDR166086,IIIIIIII
EDR166087,"IIIIII
VIII III"
EDR166088,IIIIIIIII
EDR166089,VI
EDR166090,VIII
EDR166091,
EDR166092,XXII
EDR166093,
EDR166094,"XVI
XXI"
EDR166095,XV
EDR166096,
EDR166097,semis
EDR166098,XVIsemis
EDR166099,XII
EDR166493,"Tertiani
Hic habitaverunt
Rufa ita vale quare bene fellas"
EDR166494,
EDR166496,Clavos LXXXVII
EDR166616,Russa vale
EDR166750,Antonius
EDR166751,Felix
EDR167047,irrumat
EDR167048,Caius Ovius
EDR167049,Faustus
EDR167050,Mucius
EDR167051,rogo te
EDR167052,Caius Ovius
EDR167110,xxxxxxXXXI
EDR167113,S  CCC
EDR167114,Blastus
EDR167115,"Caius Alleius Astragalus
 curator
fuit  Nonis Decembres usque ad
 Eidus Decembres Marco Agrippa Tito Statilio Con"
EDR167186,"O curatores Nuelas et Barnaee ne vos essetis viri boni si commeatum 
 ad tempus daretis nam semper negatis    N
 Pan tibi  et    nunc  num"
EDR167328,
EDR167331,
EDR167335,Lucius Acutius
EDR167373,"VI
 VII"
EDR167391,
EDR167392,"Lucius Acutius Lucii filii
Voltinia Rufus
Magister"
EDR167398,Lucius Antonius
EDR167399,Quintus Antonius Magister
EDR167403,Publius Csignum
EDR167405,
EDR167406,Hermulus
EDR167408,"E
B"
EDR167409,
EDR167424,"Ceacli  C
Sex  C XXV C
Valer  XXV XXV
Secun  LXXV LXXV
Amon  L  XXV
Sitio  
Scava   
Sedulatus  
Hispanus  
Iutto  L  L"
EDR167425,Proculus
EDR167427,"Pitamnus
Marc LI"
EDR167428,"Sexvir
ego quos
Pompeiis"
EDR167429,
EDR167430,Quem
EDR167442,
EDR167443,
EDR167472,avis externa in arboris ramo stans
EDR167482,Quisquis amat
EDR167504,Mus vale
EDR167505,eius
EDR167506,Persi
EDR167507,"VII Idus Septembres
Quintus Postumius
rogavit
Aulum Attium
pedicarem"
EDR167536,"Auctus
Popidi ubique"
EDR167537,"Ceio
et multis pupa
venusta"
EDR167540,"Ser  L
Ammonium  LXXV
Vale  XXV
Vetio  CL
Iulium  LXXV
Lucium Plotium  C
Sex  L"
EDR167545,bellissimus
EDR167553,
EDR167567,
EDR167568,
EDR167573,
EDR167574,Pompe
EDR167585,
EDR167589,
EDR167610,Caii Asini Proculi
EDR167611,Manilius
EDR167618,"VIIVA
C 

P"
EDR167619,"Apsyrtus
ValentValentinae ubique"
EDR167625,
EDR167626,
EDR167628,
EDR167629,
EDR167630,"Quartio
Stratus

Qunitu
Marcus Licinius
Saturninus"
EDR167631,
EDR167645,
EDR167647,
EDR167649,Rufus
EDR167650,Primus
EDR167651,MV
EDR167654,Vale
EDR167662,"Nasso Fadius
caput viri barbati ad sin."
EDR167672,"caput hominis ad sin.
Syrus
Holconi"
EDR167676,"R
R
ÂP"
EDR167678,
EDR167680,T S I
EDR167681,"Mândâtus
Mândatus
mûnûs

Ạ
M
M"
EDR167685,Ratio Marci Ugoni
EDR167687,
EDR167688,R
EDR167690,"Sabidia
Abonius"
EDR167691,Quibus
EDR167692,X
EDR167695,Aulus Lịcịṇịus
EDR167696,"Iucundus
male cala"
EDR167701,"Lucius Statiụs
Modestus
Quintus Postûmius"
EDR167702,
EDR167715,ante diem III Kalendas Novembris
EDR167716,G
EDR167717,Dasius
EDR167718,"ante diem XI Kalendas Decembres Geryones
trimembres aeris senos
comperendinaverunt"
EDR167722,Seciọlo
EDR167723,Satur
EDR167724,"Romanus
Homulo"
EDR167725,
EDR167727,Venis
EDR167728,Valentis
EDR167729,I
EDR167730,
EDR167731,IIIIIIIIIIIIIII
EDR167733,"Pittacius
cum
Primigenia
hic
Prima sequere
Volumnius"
EDR167788,"ante diem XI Kalendas Decembres  assibus XV
Epaphra Acutus Auctus
ad locum duxerunt
mulierum Tychen pretium
in singulos asses V fuit
Marco Messalla Lucio Lentulo con"
EDR167817,"CCC C
CLXXV

C"
EDR167818,Faustus
EDR167819,qui esse  cur
EDR167820,pedico
EDR167821,O Epaphrodite
EDR167835,Faustus
EDR167860,F pedico  V
EDR167861,III IIIIII
EDR167862,Stellio
EDR167863,Acastus
EDR167867,"Primigenia
cum Prima
hic"
EDR167868,Liberalis
EDR167869,"Liberalis
cum"
EDR167870,Dorcas
EDR167871,"Prima
Q
Q
Q"
EDR167872,"Dorcas cum
Sollemne
hic"
EDR167873,"Dorcas
Prima"
EDR167874,
EDR167875,"Ro
Ro"
EDR167876,Liberalis
EDR167879,Assibus XIX
EDR167880,
EDR167881,
EDR167884,"debes
Felicio"
EDR167885,"Felicio
Verus"
EDR167887,"Verus
Asses VI Semis

Verus
Asses III"
EDR167889,"Livius
Verus
X"
EDR167890,Viator
EDR167892,
EDR167897,
EDR167910,Pṛịṃa
EDR167912,
EDR167913,Pier
EDR167915,Lucius Postumius Luci
EDR167944,Cauda
EDR167945,Ἐλεγχία
EDR167946,Lucius
EDR167947,"Publius Cornelius
Faventinus
tonsor"
EDR167948,
EDR167951,Mus vale
EDR167953,Omnibus Pompeianis
EDR167954,Anatolii
EDR167955,"Augustalis Pierus Celadus
Papiri  Amandumum
medicavit"
EDR167971,Uxor
EDR167972,"Publius Siculus
Hermia"
EDR167974,"Vẹṭṭịus
cunnum
lingit Opt"
EDR167975,Fortuṇatus
EDR167976,Ɔ Semproni
EDR167986,
EDR167987,"Publius Sittiụs
 V"
EDR167989,Secundus
EDR167990,"Lucilius
Lucidae
ubique
 salutem"
EDR167991,"R
XX
XX
XXX"
EDR167996,VI  XI  VII
EDR167998,"Arruntius
XXVII
Assibus"
EDR168001,"VIII VI
VIII
VIII
assibus III
N"
EDR168004,Nicedius
EDR168005,"Ante diem VI Kalendas Novembres praebuit Surus Petilius ornamenta
Marco Fausto Siloni honoris causa Suri liberti"
EDR168020,Postumi quinque centum
EDR168021,Voltini mille
EDR168023,"Secdus
Secu"
EDR168024,"Lucilius
Lucidae ubique salutem"
EDR168025,
EDR168026,Nicephor
EDR168027,
EDR168028,III
EDR168029,Lucilius
EDR168031,Quacumque
EDR168032,DVM
EDR168033,DID
EDR168035,
EDR168036,Salve
EDR168037,Beliatus
EDR168038,III Kalendas Martis
EDR168039,III Kalendas Martis hic scripsi
EDR168041,"M
Q
Q
Q"
EDR168042,"Felicula
fellas"
EDR168043,"Arma meis adsueta
umeris tibi debita
ponam si mea confirmas prospera vota
Venus Syntrophus
 auget"
EDR168044,Liberalis
EDR168045,"Cuius

Virum Bonum oro vos faciatis"
EDR168047,PṾNI salutem
EDR168048,Methe Cominiaes Atellana amat Chrestum corde sit utreis utrisque Venus Pompeiana propitia et semper concordes vivant
EDR168057,et
EDR168067,"figura hominis vestimentis induta, togati?"
EDR168120,"D
C"
EDR168139,Paris
EDR168157,Syncletus
EDR168159,rubenses rub
EDR168160,"VII Kalendas
Primus
VI Kalendas
Felix
V Kalendas
Germanus"
EDR168161,"XII Kalendas Ianuarias
Primus Felix
XI Kalendas
Germanus
X Kalendas Felix
IX Kalendas Felix
 Kalendas
Germanus
VII Kalendas II
Germanus"
EDR168185,IIIII
EDR168194,LXX
EDR168236,Cloulius
EDR168280,Veios
EDR168281,
EDR168282,Suavis
EDR168285,
EDR168287,"Hic
III"
EDR168288,"Pondo XXIV

Mopsus"
EDR168290,
EDR168292,"Amicus ave
Umbricia"
EDR168293,"Genialis cum
Thelone"
EDR168295,
EDR168296,Luci Pomponi
EDR168303,"Suṃ
Q Vesuvius"
EDR168305,Paris ṿale
EDR168341,
EDR168345,
EDR168347,"Auctus
Auctus
Vectiga"
EDR168348,Quovis
EDR168349,Roma
EDR168350,III
EDR168352,XIII
EDR168353,IIIIIIIIIIIIIIII
EDR168354,"cigrotue
ab hr
m vole
VIII"
EDR168356,r Feliculae salutem
EDR168357,Iucundus
EDR168358,"Marcus Magonius
Vesbinus"
EDR168360,
EDR168362,"Anthus
Cossini"
EDR168363,
EDR168365,puella Mula
EDR168366,"R

M"
EDR168367,
EDR168479,Hic iudices
EDR168480,"Ti comnis
olithus
rectus"
EDR168481,"VI Kalendas Felix
VII S I C I I I I"
EDR168483,Sexto Burrenio salutem
EDR168484,"I S dequi
animal
tria hominum capita cervus"
EDR168487,Fortunate
EDR168488,
EDR168489,"S
CX"
EDR168515,Pyrrichus est Mi  nec tamen
EDR168630,Καί μιν ϕωνήσας
EDR168631,Innocens
EDR168632,Non sum no nocens
EDR168634,"Natali
nana
Natalis
Natalis
cinaedus est
Nata ixs"
EDR168635,kalendas Iulias
EDR168637,"Mo
Modestus"
EDR168638,Ante
EDR168640,"Staphìlus hic cum
Quieta"
EDR168641,"Staphìlus cum
Quieta"
EDR168642,Tiberii Claudi Caesaris
EDR168643,
EDR168646,"quisquis amat valeat pereat qui
nescit amare bis tanto pereat
quisquis amare vetat"
EDR168647,Nero quis n
EDR168648,Vesbine caupo vale
EDR168703,venì scripulum
EDR168704,X CLXXV
EDR168752,Ionicus
EDR168753,Aphrodite ipsa
EDR168754,Euche ipsa
EDR168756,"Cerialis
Euche"
EDR168758,Successus
EDR168759,"Homini
M C M"
EDR168760,Accipe Mars vecors
EDR168761,
EDR168762,
EDR168905,Numerium Com
EDR168906,Marcum Sindium
EDR171306,
EDR171445,
EDR173452,vale
EDR173485,"iuvenis
Mnester vale LVII XVII
XXI
 navis LXVII LXXX"
EDR173488,Restituta rogo II
EDR173489,"M
Malianus"
EDR173490,Mnester vale
EDR173491,Mnester vale
EDR173492,"Castrensis vale
Castrensis vale
calos  Acti
Castrensis vale
Anicete vale"
EDR173499,Acti Castrensis vale Anicetiaaniane
EDR173705,circulus cum circino tractatus
EDR173786,Chloe Acti Castrensis
EDR173880,
EDR173899,IIII
EDR174880,"Vit
Vitalio valeat carus est
Musicus"
EDR174883,"Regulo feliciter quia verpa est phallus
Reg
Regu"
EDR175116,Victor vale
EDR175118,ab
EDR175144,"Castor
equus"
EDR175145,Venimus
EDR175146,denarius I asses X
EDR175147,Lucanica
EDR175148,Lucanica IIII
EDR175159,DII LX
EDR175161,Fora
EDR175165,Caius Concessus
EDR175166,Crescens
EDR175167,Augustus
EDR175186,"X
C
I
X"
EDR175189,"r
s bellissimum
futuerunt"
EDR175190,"Glagus
Gl"
EDR175216,"silig
habenam
coliculum
betam
mentam
coeloe"
EDR175237,Dominae V
EDR175238,"Domino V VI IIII
Domino V
Severo III"
EDR175239,Quintus
EDR175241,Repentinus
EDR175430,"Augusto
feliciter"
EDR175482,"Suspirium puellarum
thrax
Celadus Octavii pugnarum III coronarum III"
EDR175486,
EDR175487,Sabinus sinistrorum Curvio sinistrorum salutem
EDR175508,"Quintus Petronius missus
Octavus  
gladiator fugiens

Severus  vicit
libertus  
gladiator qui alterum illum persequitur"
EDR175571,"Fullo
Crescens
coponi salutem"
EDR175572,"Crescens fullonibus salutem
hic et ubique"
EDR175589,"Successus textor amat coponiaes ancillam
nomine Iridem quae quidem illum
non curat  sed ille rogat illa commiseretur
 scribit rivalis vale
Invidiose quia rumperis sectari noli formonsiorem
et qui est homo pravissimus et bellus"
EDR175600,"anser spectans ad sinistram
Mulviu Mulvi"
EDR175601,"amantes ut apes vitam mellitam exigunt
vellem"
EDR175602,"Amoris ignes si sentires mulio
magis properares ut videres Venerem
Diligo puerum iuvenem venustum rogo punge eamus
Bibisti eamus prende lora et excute
Pompeios defer ubi dulcis est amor
meus es"
EDR175604,Arma virumque cano Troiae qui primus ab oris
EDR175605,militat omnis
EDR175727,Eat th
EDR175728,"Idibus Aprilis vas a
a quo Phileros"
EDR175729,"Anaristus
Phoebo
salutem"
EDR175731,"Viabianus
XIII"
EDR175732,"Anteros
bene hic"
EDR175749,Epaphra
EDR175753,Eulymen
EDR175755,Mario  Mario
EDR175756,Eulymenus
EDR175757,Euplus Euplus
EDR175758,"Rhenus
Rhenus"
EDR175759,Datur
EDR175769,"Hormus
Ho
Hormus"
EDR175771,Phrastes
EDR175772,Marcus  sit
EDR175773,CC CI
EDR175774,C D O E C
EDR175775,
EDR175776,XX Heraclae
EDR175777,"V Idus Novembris
Vestia"
EDR175790,"Caius Mateius
Abascantus"
EDR175791,Albanus cinaedus est
EDR175792,Res
EDR175795,caput hominis
EDR175796,Receptus
EDR175797,"II
III"
EDR175810,
EDR175851,"Communis
Clodia sua
domina"
EDR175853,Communis
EDR175856,Cera
EDR175860,Cum quidam pauper
EDR175861,Fortunate
EDR175862,"Fortunate linge
culum"
EDR175871,M
EDR175874,
EDR175875,Iucundus
EDR175876,Magius
EDR175877,Gallus
EDR175878,"Anicetus
scripsit Isthmus"
EDR175882,DC
EDR175884,"Iusto feliciter et
 Betito et 
 XIII Kalendas Decembris 
 filio   ε
 
 I"
EDR175925,Liberalis II
EDR175926,
EDR175927,Acti vale
EDR175928,Lucius
EDR175929,"Multa mihi curae cum presserit artus
has ego mancinas stagna refusa dabo"
EDR175930,M
EDR175931,
EDR175932,"Moram si quaeres
sparge milium et collige"
EDR175933,"Idibus Iulias axungiam pondo CC
alium manipulos CCL"
EDR175942,Sodales avete
EDR175943,Genicius
EDR175944,
EDR175945,IIIIIIIIII
EDR175946,VIII semis quadrans
EDR175960,
EDR175961,"III


IIIIIIIIIIIIIIIIIIIIIIIIIIIIIIIIIIII

III"
EDR175962,"IIIIIIIIIIIIIIIIIIIIIIIII

IIIIIIIIIIIIIIIIIIIIIII

IIIIIIIIIIIIIIIIIIIIIIIIIIIII"
EDR175963,I
EDR175964,Romanus
EDR175965,"PrimigenPrimigenius

navis

gladiator cum scuto longo, galea, et gladio"
EDR175966,Eutychus
EDR176044,"V CCXC
V CCCXIII V 
 CC   CCLXX"
EDR176045,"MI VII IV VII VIII
X V X VII VI XI V
VII  III VII VI IX"
EDR176100,Socium
EDR176101,XII
EDR176439,"A B
D"
EDR176440,A B C D
EDR176680,
EDR176977,Lucretio
EDR176978,qui
EDR176979,
EDR176980,Q R B
EDR176981,
EDR176982,
EDR176983,S P R
EDR177556,Vinicius
EDR177557,IIII IIII IIII IIIII III IIII III IIII IIIII
EDR177558,N XXI
EDR177559,XXX
EDR177565,VIII  IIIIIIIIIIII
EDR177566,"puer
Successus"
EDR177567,Successus
EDR177787,Caius Vettius Firmus
EDR177788,fellat
EDR177789,M
EDR177790,III Nonis
EDR177791,XVI Kalendas Februarias copo venit
EDR177792,denarius semis
EDR178610,Fures foras
EDR179028,A B C D II II G H
EDR179029,
EDR179032,A B
EDR179033,
EDR179034,
EDR179258,Ionaei
EDR179259,Schola
EDR179265,Natalis
EDR179266,Natalis
EDR179267,"Suavis
XII"
EDR179269,"cornus
Equillus"
EDR179270,Diadumenus
EDR179271,"Diadumenus
CV"
EDR179272,
EDR179827,
EDR180206,"ubique fortis
hoc cum fems a"
EDR180207,
EDR180208,"Mentula
V sestertiis"
EDR180209,Paris vale
EDR180211,
EDR180212,"Secundus
Secundụs
phallus"
EDR180214,Marcus
EDR180216,Quartio
EDR180217,"Oliva condita
XVII Kalendas Novembres"
EDR180222,"XVII Kalendas Februarias

Omnes XX"
EDR180226,
EDR180227,III signum XII XII XIII
EDR180321,Modios
EDR180322,Canamus
EDR180325,Canamus
EDR180326,X Decimus
EDR180328,X Lucrius
EDR180330,Qui se movet
EDR180332,Tuto
EDR180333,"Decimo Lucretio
liberis feliciter"
EDR180336,"Gulus
Prothymio Aemilio salutem
Publio Prothymio"
EDR180338,Marco Atutio Timeli
EDR180340,Paris vale
EDR180341,Vitalio
EDR180342,C
EDR180343,Dianen
EDR180345,
EDR180346,"XI Kalendas Februarias Eupor
Omnes XX"
EDR180450,"Duobus

Salutem"
EDR180451,"Diariạ  Diaṛia
Minus"
EDR180452,
EDR180453,Ḅ
EDR180454,Iam
EDR180455,A X
EDR180456,"Caelus
arṃa virumque"
EDR180457,Camụ
EDR180458,XIV
EDR180459,
EDR180460,XIX
EDR180461,IIIIIII IIIIIIIII IIIIIIIIIII
EDR180462,XXXII
EDR180463,
EDR180464,I I I I I I I I I I I I I I I I I I I X I I I I I  X  X X I I I I I I I I
EDR180465,I I I I I I I I I I I I I I I I I X X I I
EDR180466,A B C D II I G V T X
EDR180543,Apaea
EDR180544,M
EDR180545,Fur cave
EDR180546,Aufidius hic fuit vale
EDR180547,Floronius
EDR180548,Successus
EDR180549,Nero
EDR180550,Onesimus
EDR180552,Habitos
EDR180553,
EDR180554,
EDR180555,Pridie Nonas A
EDR180704,"Lana
LV
Lana XXIX pondo"
EDR180705,Pridie Nonas Augustas
EDR180706,"Laciniae  
Clodia  IIII
IIII 
 VIII
II panes  XIV"
EDR180707,II
EDR180708,
EDR180709,Demetrius
EDR180710,Z
EDR180711,"V Idus
V Idu Octobres"
EDR180712,"IIIIIIIIIII
IIIIIIIII  cepa
 
faba M VII VII
 
M VII VI"
EDR180713,
EDR180715,"VI  
  XVI
I NIN  
MA  
II  XXVI"
EDR180716,Secundus
EDR180717,K
EDR180718,Augusto
EDR180719,
EDR181060,Isi pro Isidi sacratas
EDR181061,Idai cerno nemora
EDR183621,"Nolo
cum Myrtale 
pictura, femina et vir inter se osculantes"
EDR185748,Caius Pumidius Diphilus hic fui
EDR187553,"quisquis amat calidis non debet fontibus uti
nam nemo flammas ustus amare potest"
EDR187776,
EDR187782,
EDR187783,
EDR187784,
EDR187909,
EDR187910,
EDR188621,"Facetu Facetus
Facetus Mesonii
M"
EDR188623,Auriolus
EDR188624,XXXIII
EDR188625,Caelo
EDR189336,"Quintus Piranius
Cerialis"
EDR189338,"Caius Hadius Ventrio
eques natus Romanus inter
betam et brassicam"
EDR189390,Augustiana
EDR189391,Cornelia Fortunata Augustiana
EDR189392,Augustian
EDR189393,Augustiane
EDR189394,"Ampliata
Florilla"
EDR189395,"F Quantus
 F"
EDR189396,"Pamphilus
R I"
EDR189397,"Caius 
cunnum
S"
EDR189398,Pamphilus
EDR189399,Pamphilus amus
EDR189400,Cipius Peri
EDR189401,Cum si quis  Zo
EDR189402,Marcus  Cum quidam pauper
EDR189403,Cum quidam
EDR189404,duo delphini
EDR189761,vale Cinna
EDR189762,I
EDR189763,Adiutor
EDR189764,I Suedio
EDR189766,X Patinio salutem
EDR189767,Nymphe vale vale
EDR189768,Ampliatus
EDR189769,amica  Secundo feliciter
EDR189770,Mystice
EDR189771,Primigenia
EDR189773,Atrium us E
EDR189776,Poppaeo Charitoni
EDR189777,Secundus
EDR189987,Alcis
EDR189988,Alce valeas qui mereris
EDR189990,"Romanus
armis vitiis
regnat"
EDR189991,Romanus
EDR189992,Nonis Iuniis
EDR189993,Marco Claudio  Mi
EDR189994,"XVI Kalendas Augustas
Publius Cornelius hic fuit"
EDR189995,
EDR189997,Vota Restitutus  donum dedit
EDR190162,"cum Clemente
salutem"
EDR190164,Sergia
EDR190165,Compse
EDR190166,IIIIIIIIIII  IIII  I  IIIII  III
EDR190168,denarius
EDR190787,Sicinius Zosimo salutem  dicit
EDR190821,s Mod
EDR190823,
EDR191034,Acti
EDR191035,
EDR191233,"Nunc  est  ira  recens  nunc  est  discedere tempus

Si dolor afuerit  crede redibit amor"
EDR191252,IIII  IIIIIIIII  IIIIIIIIIIIIIIII  IIIIIIIIIIIIII  IIIIIII  IIIIIIIIII
EDR191253,IIIIIIIIIIIII
EDR191254,IIII  IIII  IIII  IIII  IIII  IIII  IIII  IIII
EDR191398,quisquis amat valeat pereat quis nescit amare
EDR191399,Hominem reddit rhetor
EDR191405,"Hic duo rivales canunt
una puella tenet fasces
tr  s cui fas
an  ae"
EDR191406,"Littera Theorianis semper dictura salutem
nomine nunc Dextri tempus in omne manet"
EDR191881,probavit hoc pudor ingenuus postulat et  pietas
EDR191892,"Virum vendere
nolo meum
m quanti quantique"
EDR191893,Virum vendere
EDR191910,"Felicem Aufidium felicem semper deus
faciat"
EDR191911,Fructus  cum  Raecio Guttaque  agentes  gratias
EDR191912,fecit
EDR191926,Phoebe veni
EDR191927,Stronni
EDR191928,Felix
EDR191955,Cassius Cerrinio suis salutem
EDR192006,"Cassius
gladiator"
EDR192007,"gladiator, retiarius pugione fuscinaque armatus"
EDR192059,Proculus
EDR192065,"sodalium
Procul"
EDR192067,"amabis ε

A"
EDR192070,Marcus Marcus
EDR192090,vincit amor
EDR192091,"Ubi  perna cocta  est  si convivae apponitur
non gustat pernam lingit  ollam  aut  caccabum"
EDR192092,"Tu qui lucernam  cogitas  accendere
DT tibi"
EDR192093,"Surda sit oranti tua ianua laxa ferenti
audiat exclusi verba recepta amans
Ianitor ad dantis vigilet si pulsat inanis
surdus in obductam somniet usque seram"
EDR192094,"Si quis forte meam cupiet violare
puellam illum in desertis
montibus urat amor"
EDR192095,Romanus olim πάλιν aurum pro ferrum dedica
EDR192096,Quisquis amat veniat Veneri lumbos volo
EDR192097,Quid potest tam durum saxo
EDR192102,aureus est Danae
EDR192628,"S
scrib"
EDR192629,Neronem
EDR192642,Mariona
EDR192643,
EDR192644,
EDR192645,
EDR192646,B A
EDR192647,Aiemius scriptum sinistrorsum
EDR192648,
EDR192649,
EDR192650,S CD
EDR192652,Cum quidam
EDR192781,Trasius
EDR192782,Hegium
EDR192855,"Restituta  cum Secundo
domino suo"
EDR192856,"hominis facies cum phallo

hominis facies

Cenialis
fellator

hominis caput

hominis stantis figura"
EDR192857,"Laetus
S"
EDR192858,Reliquos X
EDR192859,"XII  
XII  IV"
EDR192860,Novembres CLXXXII
EDR192862,quidve
EDR192863,
EDR192864,VIII
EDR192865,XII
EDR192867,Rufinus  Cur
EDR192868,
EDR192869,Aemilius sinistrorum Curvio  salutem
EDR192870,Curvius sinistrorsum  Aemilio sinistrorsum salutem
EDR192871,S Curvius sinistrorsum Sabino sinistrorsum salutem
EDR192872,"Curvius
Sabinus
Sabinus"
EDR192873,
EDR192874,
EDR192876,Pondo adipem CXXXII
EDR192877,CXXXIX
EDR192878,"Pondo  adipem
CXXVI CXX CXII"
EDR192879,
EDR192880,
EDR192882,A CV   I
EDR192883,"Semis

CXCIII"
EDR192884,"Vale
V

Himer et
Secundus"
EDR192885,"I XXIX
II 
III XXXII
IIII XXXI"
EDR192886,"CCLX
 palma"
EDR192887,"V V  Victoriae caput? suae salutem

Zosimus Victoriae
salutem
Rogo  te
ut  mihi
succurras"
EDR192931,
EDR192932,"Iapetus
Delpḥicus
 P  V"
EDR192934,I  R
EDR192935,Ruibundus amnis
EDR192936,Aemilius
EDR192937,Optate vale Caietanus scripsit
EDR192939,Optate vạle  Cum qui
EDR192940,Marcinus
EDR192942,N suo salutem
EDR192945,Ḷanaṛa
EDR192946,Sabinus
EDR192947,"dicit nobis Sineros ẹṭ sopio
ut merdas edatis qui scripseras
sopionis"
EDR192948,"Marcus Geminius
Marcus Geminius
Phoebus"
EDR192949,"Communi
ḌII"
EDR192950,"Pelecrio
dicet
tibi 
LVN"
EDR192951,E
EDR192952,"Quidquid
exit"
EDR192955,Successus
EDR192956,C
EDR192957,fur
EDR192958,Victor  fellator
EDR192964,CXXVI
EDR192965,
EDR192976,"Deana
vale"
EDR192986,et nosti
EDR192995,MM
EDR192996,Roma
EDR192997,"Cornelio
Amando
feliciter"
EDR192999,Pridie Idus Iulias refeci
EDR193000,"Secundus
Opscus"
EDR193001,S
EDR193062,muner
EDR193066,Successus hic
EDR193068,Auctus Iulianus
EDR193069,Auctus
EDR193077,"Dario eius
Nomas eius"
EDR193124,"Lascivos voltus et blandos aufer ocellos
coniuge ab alterius sit tibi in ore pudor"
EDR193212,"Abluat unda pedes puer et detergeat udos
mappa torum velet lintea nostra cave"
EDR193264,"O utinam  liceat  collo  complexa tenere  brachiola  et  teneris
oscula  ferre  labellis  i nunc  ventis  tua  gaudia pupula  crede
crede  mihi  levis  est natura  virorum  saepe  ego cum media
vigilarem  perdita  nocte  haec  mecum meditans multos
fortuna  quos  sustulit  alte  hos modo  proiectos subito
praecipitesque premit  sic  Venus  ut subito  coniunxit
corpora  amantum  di"
EDR193265,minimum malum fit contemnendo maximum
EDR193267,minimum malum fit contemnendo maximum Menedemerumenus
EDR193270,"Venus enim
plagiaria
est quia  exsanguni
meum  petit
in viis  tumultum
pariet optet
sibi ut bene
naviget
quod et
Ario sua rogat"
EDR193284,Cum quidam
EDR193310,Sol  vox contra na  quid ednte
EDR193312,
EDR193313,"Restitutus multas decepit
saepe puellas"
EDR193316,"Prisci
Restitutus II"
EDR193334,Ventus
EDR193335,"Secundus pedicavit
pueros"
EDR193336,Ṛoma vâle
EDR193337,
EDR193339,O CCỊO Severo S
EDR193352,
EDR193354,QRS
EDR193355,S
EDR193399,"Carmina
communemne
Arma  virumque cano Tro"
EDR193434,Itu reditu X passi
EDR193435,Furuncule
EDR193436,Montanus
EDR193437,"Marcus Caesius
Blandus
C"
EDR193439,"Marcus  Caesius  Blandus
N"
EDR193440,Quartio
EDR193442,Quintus
EDR193443,
EDR193444,Hermes
EDR193445,Crescens
EDR193446,Atimetus
EDR193447,Nonulla
EDR193448,
EDR193449,"Atimetus
Atimetus"
EDR193450,Atimetus
EDR193451,navis cum velo
EDR193452,Rusti
EDR193453,Claudi
EDR193454,Marcus Caesius Blandus
EDR193455,Munatius
EDR193456,Viseius
EDR193457,"Liberalis
dominae salutem"
EDR193458,
EDR193485,Atimetus
EDR193492,sius Anulinu
EDR193493,
EDR193599,Caesare Augusto
EDR193604,Primogenius
EDR193605,
EDR193607,Speratus Habito
EDR193609,Nugas es
EDR193612,Visellius
EDR193614,Visellio
EDR193616,Secundus
EDR193621,Eranus
EDR193624,Rustium  Aedilem
EDR193627,Fortunatu
EDR193630,"Hic habitat
phallus
felicitas"
EDR193641,"O IXXV
D  IX
Q 
D  CLXIX
Q  
O LI"
EDR193643,"O 
D LI
Q 
 
 CIII LVII
 X"
EDR193644,"X 
 I LXX
LLL
LLL
LLN
L"
EDR193645,"LXXV
Q CLX
D CLX"
EDR193646,"Cdenarius 
 
CdenariusXL"
EDR193647,Roma
EDR193659,"I T V 
  salutem"
EDR193665,Habitus
EDR193677,Xystus
EDR193678,Successus Aninto
EDR193679,Xystus
EDR193680,cibaria  IIIIIIIIIII
EDR193682,"Marcus Lucius
Caius Sepunius"
EDR193683,
EDR193702,"Secundus
Primus"
EDR193703,Menippus
EDR193704,Marcus Verrius Quirinalis Puteolanus
EDR193705,"Martialis
vos 
R"
EDR193706,"Spiculus Neronianus Vicit
Tiro
gladiator stans, galea, scuto, gladio brevi armatus

Aphthonetus Periit
liber  XVI
gladiator Thraex, humi prostratus, galea armatus, sicam angulatum tollens"
EDR193707,"gladiator galea et scuto armatus, alter gladiator"
EDR193708,"R CLI
equus ad sin. conversus

X
duo equi ad sin. conversi"
EDR193710,"Talia te fallant
utinam mendacia copo
tu vendes aquam et
bibes ipse merum"
EDR193711,Marcus Manilius
EDR193712,"Pantacathus
gladiator galea, scuto ingenti, gladio breve armatus palma XXXII corona"
EDR193721,"Victoria vale
et ubique vis 
suaviter sternutes"
EDR193722,"Rufa
Pinus Ephebo suo salutem
Lucium  Naevium
Magnum"
EDR193730,Severus
EDR193733,P
EDR193734,
EDR193743,
EDR193748,"corona palma
gladiator galea pinnis ornata et scuto armatus
gladiator galea pinnis ornata et gladio armatus
gladiator gladio brevi, fuscina armatus"
EDR193749,Cassius
EDR193750,"Cnaeus Allei

Cnaeus Alleius"
EDR193753,Tu qui die digitos contrudis M N
EDR193794,"Petronia
 S"
EDR193795,Ampliatus
EDR193796,Cinaedus
EDR193799,"Pacatus et Sosia Caesiae Secundae
Pacatus HCV"
EDR193800,
EDR193801,Restituta
EDR193805,Proeliare Gangens Caesar te spectat
EDR193807,"threx murmillo ramus palmae corona
Pinna Neronianus XVI vicit
Columbus liber  periit"
EDR193809,Pinna Neronianus
EDR193810,Cai Iuli vale
EDR193811,Cissus pedico
EDR193812,"Con
fellat"
EDR193813,Aulus Messius Chrysanthus
EDR193814,"Daphnus Asiaticus
cum sua Apra
Ionice hic et
ubique
corona palmae ramus"
EDR193815,Daphnus Asiaticus
EDR193817,Cantabunt mihi
EDR193818,V Kalendas Maias D  C
EDR193819,quod cunnum lingis
EDR193820,Hermodorus
EDR193821,
EDR193822,Iucundus
EDR193823,Mystiche vale
EDR193944,Sabinus
EDR193949,
EDR193950,
EDR193968,"Alliget hic auras si quis
obiurgat amantes et vetet
assiduas currere fontis
aquas"
